Price,Close,High,Low,Open,Volume
Ticker,^MOVE,^MOVE,^MOVE,^MOVE,^MOVE
Date,,,,,
2020-07-01,53.279998779296875,54.130001068115234,53.279998779296875,54.130001068115234,0
2020-07-02,50.959999084472656,53.279998779296875,50.959999084472656,53.279998779296875,0
2020-07-06,52.029998779296875,52.029998779296875,50.959999084472656,50.959999084472656,0
2020-07-07,50.97999954223633,52.029998779296875,50.97999954223633,52.029998779296875,0
2020-07-08,49.79999923706055,50.97999954223633,49.79999923706055,50.97999954223633,0
2020-07-09,50.06999969482422,50.06999969482422,49.79999923706055,49.79999923706055,0
2020-07-10,49.189998626708984,50.06999969482422,49.189998626708984,50.06999969482422,0
2020-07-13,49.54999923706055,49.54999923706055,49.189998626708984,49.189998626708984,0
2020-07-14,50.810001373291016,50.810001373291016,49.54999923706055,49.54999923706055,0
2020-07-15,47.08000183105469,50.810001373291016,47.08000183105469,50.810001373291016,0
2020-07-16,46.43000030517578,47.08000183105469,46.43000030517578,47.08000183105469,0
2020-07-17,45.68000030517578,45.68000030517578,45.68000030517578,45.68000030517578,0
2020-07-20,46.81999969482422,46.81999969482422,45.68000030517578,45.68000030517578,0
2020-07-21,46.45000076293945,46.81999969482422,46.45000076293945,46.81999969482422,0
2020-07-22,45.31999969482422,46.45000076293945,45.31999969482422,46.45000076293945,0
2020-07-23,43.93000030517578,45.31999969482422,43.93000030517578,45.31999969482422,0
2020-07-24,42.47999954223633,43.93000030517578,42.47999954223633,43.93000030517578,0
2020-07-27,42.61000061035156,42.61000061035156,42.61000061035156,42.61000061035156,0
2020-07-28,41.27000045776367,41.27000045776367,41.27000045776367,41.27000045776367,0
2020-07-29,41.630001068115234,41.630001068115234,41.630001068115234,41.630001068115234,0
2020-07-30,40.65999984741211,41.630001068115234,40.65999984741211,41.630001068115234,0
2020-07-31,41.97999954223633,41.97999954223633,41.97999954223633,41.97999954223633,0
2020-08-03,43.130001068115234,43.130001068115234,43.130001068115234,43.130001068115234,0
2020-08-04,44.11000061035156,44.11000061035156,44.11000061035156,44.11000061035156,0
2020-08-05,41.75,41.75,41.75,41.75,0
2020-08-06,42.599998474121094,42.599998474121094,42.599998474121094,42.599998474121094,0
2020-08-07,41.459999084472656,41.459999084472656,41.459999084472656,41.459999084472656,0
2020-08-10,42.209999084472656,42.209999084472656,42.209999084472656,42.209999084472656,0
2020-08-11,45.2599983215332,45.2599983215332,45.2599983215332,45.2599983215332,0
2020-08-12,44.22999954223633,44.22999954223633,44.22999954223633,44.22999954223633,0
2020-08-13,45.08000183105469,45.08000183105469,45.08000183105469,45.08000183105469,0
2020-08-14,43.09000015258789,43.09000015258789,43.09000015258789,43.09000015258789,0
2020-08-17,45.810001373291016,45.810001373291016,43.09000015258789,43.09000015258789,0
2020-08-18,46.060001373291016,46.060001373291016,45.810001373291016,45.810001373291016,0
2020-08-19,44.599998474121094,46.060001373291016,44.599998474121094,46.060001373291016,0
2020-08-20,44.58000183105469,44.599998474121094,44.58000183105469,44.599998474121094,0
2020-08-21,45.13999938964844,45.13999938964844,44.58000183105469,44.58000183105469,0
2020-08-24,46.33000183105469,46.33000183105469,45.13999938964844,45.13999938964844,0
2020-08-25,47.88999938964844,47.88999938964844,46.33000183105469,46.33000183105469,0
2020-08-26,47.9900016784668,47.9900016784668,47.88999938964844,47.88999938964844,0
2020-08-27,49.290000915527344,49.290000915527344,47.9900016784668,47.9900016784668,0
2020-08-28,48.189998626708984,49.290000915527344,48.189998626708984,49.290000915527344,0
2020-08-31,47.02000045776367,48.189998626708984,47.02000045776367,48.189998626708984,0
2020-09-01,44.29999923706055,47.02000045776367,44.29999923706055,47.02000045776367,0
2020-09-02,44.86000061035156,44.86000061035156,44.29999923706055,44.29999923706055,0
2020-09-03,45.7599983215332,45.7599983215332,44.86000061035156,44.86000061035156,0
2020-09-04,47.040000915527344,47.040000915527344,45.7599983215332,45.7599983215332,0
2020-09-08,50.68000030517578,50.68000030517578,47.040000915527344,47.040000915527344,0
2020-09-09,48.81999969482422,50.68000030517578,48.81999969482422,50.68000030517578,0
2020-09-10,45.209999084472656,48.81999969482422,45.209999084472656,48.81999969482422,0
2020-09-11,43.119998931884766,45.209999084472656,43.119998931884766,45.209999084472656,0
2020-09-14,44.209999084472656,44.209999084472656,43.119998931884766,43.119998931884766,0
2020-09-15,43.060001373291016,44.209999084472656,43.060001373291016,44.209999084472656,0
2020-09-16,42.43000030517578,43.060001373291016,42.43000030517578,43.060001373291016,0
2020-09-17,38.45000076293945,42.43000030517578,38.45000076293945,42.43000030517578,0
2020-09-18,37.2400016784668,38.45000076293945,37.2400016784668,38.45000076293945,0
2020-09-21,38.630001068115234,38.630001068115234,37.2400016784668,37.2400016784668,0
2020-09-22,39.349998474121094,39.349998474121094,38.630001068115234,38.630001068115234,0
2020-09-23,38.630001068115234,39.349998474121094,38.630001068115234,39.349998474121094,0
2020-09-24,37.220001220703125,38.630001068115234,37.220001220703125,38.630001068115234,0
2020-09-25,36.970001220703125,37.220001220703125,36.970001220703125,37.220001220703125,0
2020-09-28,37.400001525878906,37.400001525878906,36.970001220703125,36.970001220703125,0
2020-09-29,36.619998931884766,37.400001525878906,36.619998931884766,37.400001525878906,0
2020-09-30,39.209999084472656,39.209999084472656,36.619998931884766,36.619998931884766,0
2020-10-01,38.650001525878906,39.209999084472656,38.650001525878906,39.209999084472656,0
2020-10-02,39.970001220703125,39.970001220703125,38.650001525878906,38.650001525878906,0
2020-10-05,39.810001373291016,39.970001220703125,39.810001373291016,39.970001220703125,0
2020-10-06,57.75,57.75,39.810001373291016,39.810001373291016,0
2020-10-07,56.97999954223633,57.75,56.97999954223633,57.75,0
2020-10-08,57.310001373291016,57.310001373291016,56.97999954223633,56.97999954223633,0
2020-10-09,57.52000045776367,57.52000045776367,57.310001373291016,57.310001373291016,0
2020-10-13,55.59000015258789,57.52000045776367,55.59000015258789,57.52000045776367,0
2020-10-14,53.5,55.59000015258789,53.5,55.59000015258789,0
2020-10-15,55.619998931884766,55.619998931884766,53.5,53.5,0
2020-10-16,57.25,57.25,55.619998931884766,55.619998931884766,0
2020-10-19,61.15999984741211,61.15999984741211,57.25,57.25,0
2020-10-20,60.41999816894531,61.15999984741211,60.41999816894531,61.15999984741211,0
2020-10-21,59.06999969482422,60.41999816894531,59.06999969482422,60.41999816894531,0
2020-10-22,59.72999954223633,59.72999954223633,59.06999969482422,59.06999969482422,0
2020-10-23,58.459999084472656,59.72999954223633,58.459999084472656,59.72999954223633,0
2020-10-26,58.95000076293945,58.95000076293945,58.459999084472656,58.459999084472656,0
2020-10-27,57.880001068115234,58.95000076293945,57.880001068115234,58.95000076293945,0
2020-10-28,57.130001068115234,57.880001068115234,57.130001068115234,57.880001068115234,0
2020-10-29,61.29999923706055,61.29999923706055,57.130001068115234,57.130001068115234,0
2020-10-30,61.90999984741211,61.90999984741211,61.29999923706055,61.29999923706055,0
2020-11-02,63.560001373291016,63.560001373291016,61.90999984741211,61.90999984741211,0
2020-11-03,64.37000274658203,64.37000274658203,63.560001373291016,63.560001373291016,0
2020-11-04,47.7400016784668,64.37000274658203,47.7400016784668,64.37000274658203,0
2020-11-05,43.7599983215332,47.7400016784668,43.7599983215332,47.7400016784668,0
2020-11-06,39.880001068115234,43.7599983215332,39.880001068115234,43.7599983215332,0
2020-11-09,44.939998626708984,44.939998626708984,39.880001068115234,39.880001068115234,0
2020-11-10,46.189998626708984,46.189998626708984,44.939998626708984,44.939998626708984,0
2020-11-12,44.16999816894531,46.189998626708984,44.16999816894531,46.189998626708984,0
2020-11-13,42.95000076293945,44.16999816894531,42.95000076293945,44.16999816894531,0
2020-11-16,42.4900016784668,42.95000076293945,42.4900016784668,42.95000076293945,0
2020-11-17,43.08000183105469,43.08000183105469,42.4900016784668,42.4900016784668,0
2020-11-18,43.619998931884766,43.619998931884766,43.08000183105469,43.08000183105469,0
2020-11-19,43.529998779296875,43.619998931884766,43.529998779296875,43.619998931884766,0
2020-11-20,42.310001373291016,43.529998779296875,42.310001373291016,43.529998779296875,0
2020-11-23,43.040000915527344,43.040000915527344,42.310001373291016,42.310001373291016,0
2020-11-24,42.380001068115234,43.040000915527344,42.380001068115234,43.040000915527344,0
2020-11-25,39.619998931884766,42.380001068115234,39.619998931884766,42.380001068115234,0
2020-11-27,39.63999938964844,39.63999938964844,39.619998931884766,39.619998931884766,0
2020-11-30,40.84000015258789,40.84000015258789,39.63999938964844,39.63999938964844,0
2020-12-01,41.529998779296875,41.529998779296875,40.84000015258789,40.84000015258789,0
2020-12-02,43.91999816894531,43.91999816894531,41.529998779296875,41.529998779296875,0
2020-12-03,42.529998779296875,43.91999816894531,42.529998779296875,43.91999816894531,0
2020-12-04,43.88999938964844,43.88999938964844,42.529998779296875,42.529998779296875,0
2020-12-07,49.66999816894531,49.66999816894531,43.88999938964844,43.88999938964844,0
2020-12-08,49.099998474121094,49.66999816894531,49.099998474121094,49.66999816894531,0
2020-12-09,48.47999954223633,49.099998474121094,48.47999954223633,49.099998474121094,0
2020-12-10,47.150001525878906,48.47999954223633,47.150001525878906,48.47999954223633,0
2020-12-11,47.52000045776367,47.52000045776367,47.150001525878906,47.150001525878906,0
2020-12-14,49.220001220703125,49.220001220703125,47.52000045776367,47.52000045776367,0
2020-12-15,48.13999938964844,49.220001220703125,48.13999938964844,49.220001220703125,0
2020-12-16,46.959999084472656,48.13999938964844,46.959999084472656,48.13999938964844,0
2020-12-17,44.150001525878906,46.959999084472656,44.150001525878906,46.959999084472656,0
2020-12-18,44.63999938964844,44.63999938964844,44.150001525878906,44.150001525878906,0
2020-12-21,46.65999984741211,46.65999984741211,44.63999938964844,44.63999938964844,0
2020-12-22,43.56999969482422,46.65999984741211,43.56999969482422,46.65999984741211,0
2020-12-23,42.7400016784668,43.56999969482422,42.7400016784668,43.56999969482422,0
2020-12-24,42.11000061035156,42.7400016784668,42.11000061035156,42.7400016784668,0
2020-12-28,45.2599983215332,45.2599983215332,42.11000061035156,42.11000061035156,0
2020-12-29,46.099998474121094,46.099998474121094,45.2599983215332,45.2599983215332,0
2020-12-30,47.189998626708984,47.189998626708984,46.099998474121094,46.099998474121094,0
2020-12-31,48.97999954223633,48.97999954223633,47.189998626708984,47.189998626708984,0
2021-01-04,49.59000015258789,49.59000015258789,48.97999954223633,48.97999954223633,0
2021-01-05,48.95000076293945,49.59000015258789,48.95000076293945,49.59000015258789,0
2021-01-06,44.63999938964844,48.95000076293945,44.63999938964844,48.95000076293945,0
2021-01-07,45.20000076293945,45.20000076293945,44.63999938964844,44.63999938964844,0
2021-01-08,44.810001373291016,45.20000076293945,44.810001373291016,45.20000076293945,0
2021-01-11,47.77000045776367,47.77000045776367,44.810001373291016,44.810001373291016,0
2021-01-12,50.119998931884766,50.119998931884766,47.77000045776367,47.77000045776367,0
2021-01-13,45.599998474121094,50.119998931884766,45.599998474121094,50.119998931884766,0
2021-01-14,46.22999954223633,46.22999954223633,45.599998474121094,45.599998474121094,0
2021-01-15,45.13999938964844,46.22999954223633,45.13999938964844,46.22999954223633,0
2021-01-19,45.22999954223633,45.22999954223633,45.13999938964844,45.13999938964844,0
2021-01-20,42.529998779296875,45.22999954223633,42.529998779296875,45.22999954223633,0
2021-01-21,43.0099983215332,43.0099983215332,42.529998779296875,42.529998779296875,0
2021-01-22,43.09000015258789,43.09000015258789,43.0099983215332,43.0099983215332,0
2021-01-25,43.08000183105469,43.09000015258789,43.08000183105469,43.09000015258789,0
2021-01-26,43.13999938964844,43.13999938964844,43.08000183105469,43.08000183105469,0
2021-01-27,44.15999984741211,44.15999984741211,43.13999938964844,43.13999938964844,0
2021-01-28,45.529998779296875,45.529998779296875,44.15999984741211,44.15999984741211,0
2021-01-29,47.40999984741211,47.40999984741211,45.529998779296875,45.529998779296875,0
2021-02-01,46.279998779296875,47.40999984741211,46.279998779296875,47.40999984741211,0
2021-02-02,45.90999984741211,46.279998779296875,45.90999984741211,46.279998779296875,0
2021-02-03,46.93000030517578,46.93000030517578,45.90999984741211,45.90999984741211,0
2021-02-04,47.25,47.25,46.93000030517578,46.93000030517578,0
2021-02-05,47.20000076293945,47.25,47.20000076293945,47.25,0
2021-02-08,48.45000076293945,48.45000076293945,47.20000076293945,47.20000076293945,0
2021-02-09,46.75,48.45000076293945,46.75,48.45000076293945,0
2021-02-10,46.27000045776367,46.75,46.27000045776367,46.75,0
2021-02-11,45.95000076293945,46.27000045776367,45.95000076293945,46.27000045776367,0
2021-02-12,47.0099983215332,47.0099983215332,45.95000076293945,45.95000076293945,0
2021-02-16,56.779998779296875,56.779998779296875,47.0099983215332,47.0099983215332,0
2021-02-17,55.970001220703125,56.779998779296875,55.970001220703125,56.779998779296875,0
2021-02-18,56.119998931884766,56.119998931884766,55.970001220703125,55.970001220703125,0
2021-02-19,60.43000030517578,60.43000030517578,56.119998931884766,56.119998931884766,0
2021-02-22,62.41999816894531,62.41999816894531,60.43000030517578,60.43000030517578,0
2021-02-23,61.72999954223633,62.41999816894531,61.72999954223633,62.41999816894531,0
2021-02-24,61.91999816894531,61.91999816894531,61.72999954223633,61.72999954223633,0
2021-02-25,74.16000366210938,74.16000366210938,61.91999816894531,61.91999816894531,0
2021-02-26,75.66000366210938,75.66000366210938,74.16000366210938,74.16000366210938,0
2021-03-01,68.7300033569336,75.66000366210938,68.7300033569336,75.66000366210938,0
2021-03-02,57.70000076293945,68.7300033569336,57.70000076293945,68.7300033569336,0
2021-03-03,65.83000183105469,65.83000183105469,57.70000076293945,57.70000076293945,0
2021-03-04,68.12999725341797,68.12999725341797,65.83000183105469,65.83000183105469,0
2021-03-05,69.37000274658203,69.37000274658203,68.12999725341797,68.12999725341797,0
2021-03-08,71.6500015258789,71.6500015258789,69.37000274658203,69.37000274658203,0
2021-03-09,67.44000244140625,71.6500015258789,67.44000244140625,71.6500015258789,0
2021-03-10,63.189998626708984,67.44000244140625,63.189998626708984,67.44000244140625,0
2021-03-11,63.900001525878906,63.900001525878906,63.189998626708984,63.189998626708984,0
2021-03-12,70.83000183105469,70.83000183105469,63.900001525878906,63.900001525878906,0
2021-03-15,70.79000091552734,70.83000183105469,70.79000091552734,70.83000183105469,0
2021-03-16,70.80999755859375,70.80999755859375,70.79000091552734,70.79000091552734,0
2021-03-17,66.75,70.80999755859375,66.75,70.80999755859375,0
2021-03-18,70.4800033569336,70.4800033569336,66.75,66.75,0
2021-03-19,68.80000305175781,70.4800033569336,68.80000305175781,70.4800033569336,0
2021-03-22,67.62000274658203,68.80000305175781,67.62000274658203,68.80000305175781,0
2021-03-23,60.77000045776367,67.62000274658203,60.77000045776367,67.62000274658203,0
2021-03-24,60.709999084472656,60.77000045776367,60.709999084472656,60.77000045776367,0
2021-03-25,59.540000915527344,60.709999084472656,59.540000915527344,60.709999084472656,0
2021-03-26,61.4900016784668,61.4900016784668,59.540000915527344,59.540000915527344,0
2021-03-29,65.95999908447266,65.95999908447266,61.4900016784668,61.4900016784668,0
2021-03-30,67.44000244140625,67.44000244140625,65.95999908447266,65.95999908447266,0
2021-03-31,71.2699966430664,71.2699966430664,67.44000244140625,67.44000244140625,0
2021-04-01,64.98999786376953,71.2699966430664,64.98999786376953,71.2699966430664,0
2021-04-05,61.790000915527344,63.709999084472656,61.790000915527344,63.709999084472656,0
2021-04-06,60.290000915527344,61.790000915527344,60.290000915527344,61.790000915527344,0
2021-04-07,62.540000915527344,62.540000915527344,60.290000915527344,60.290000915527344,0
2021-04-08,60.08000183105469,62.540000915527344,60.08000183105469,62.540000915527344,0
2021-04-09,61.209999084472656,61.209999084472656,60.08000183105469,60.08000183105469,0
2021-04-12,63.5,63.5,61.209999084472656,61.209999084472656,0
2021-04-13,61.20000076293945,63.5,61.20000076293945,63.5,0
2021-04-14,60.08000183105469,61.20000076293945,60.08000183105469,61.20000076293945,0
2021-04-15,59.04999923706055,60.08000183105469,59.04999923706055,60.08000183105469,0
2021-04-16,62.56999969482422,62.56999969482422,59.04999923706055,59.04999923706055,0
2021-04-19,63.959999084472656,63.959999084472656,62.56999969482422,62.56999969482422,0
2021-04-20,64.3499984741211,64.3499984741211,63.959999084472656,63.959999084472656,0
2021-04-21,62.27000045776367,64.3499984741211,62.27000045776367,64.3499984741211,0
2021-04-22,59.619998931884766,62.27000045776367,59.619998931884766,62.27000045776367,0
2021-04-23,59.97999954223633,59.97999954223633,59.619998931884766,59.619998931884766,0
2021-04-26,60.97999954223633,60.97999954223633,59.97999954223633,59.97999954223633,0
2021-04-27,60.150001525878906,60.97999954223633,60.150001525878906,60.97999954223633,0
2021-04-28,60.310001373291016,60.310001373291016,60.150001525878906,60.150001525878906,0
2021-04-29,59.02000045776367,60.310001373291016,59.02000045776367,60.310001373291016,0
2021-04-30,58.130001068115234,59.02000045776367,58.130001068115234,59.02000045776367,0
2021-05-03,57.33000183105469,58.130001068115234,57.33000183105469,58.130001068115234,0
2021-05-04,58.5099983215332,58.5099983215332,57.33000183105469,57.33000183105469,0
2021-05-05,56.93000030517578,58.5099983215332,56.93000030517578,58.5099983215332,0
2021-05-06,57.75,57.75,56.93000030517578,56.93000030517578,0
2021-05-07,54.130001068115234,57.75,54.130001068115234,57.75,0
2021-05-10,55.47999954223633,55.47999954223633,54.130001068115234,54.130001068115234,0
2021-05-11,58.0099983215332,58.0099983215332,55.47999954223633,55.47999954223633,0
2021-05-12,58.470001220703125,58.470001220703125,58.0099983215332,58.0099983215332,0
2021-05-13,56.59000015258789,58.470001220703125,56.59000015258789,58.470001220703125,0
2021-05-14,54.9900016784668,56.59000015258789,54.9900016784668,56.59000015258789,0
2021-05-17,58.59000015258789,58.59000015258789,54.9900016784668,54.9900016784668,0
2021-05-18,57.18000030517578,58.59000015258789,57.18000030517578,58.59000015258789,0
2021-05-19,57.310001373291016,57.310001373291016,57.18000030517578,57.18000030517578,0
2021-05-20,55.040000915527344,57.310001373291016,55.040000915527344,57.310001373291016,0
2021-05-21,54.59000015258789,55.040000915527344,54.59000015258789,55.040000915527344,0
2021-05-24,54.939998626708984,54.939998626708984,54.59000015258789,54.59000015258789,0
2021-05-25,53.720001220703125,54.939998626708984,53.720001220703125,54.939998626708984,0
2021-05-26,52.81999969482422,53.720001220703125,52.81999969482422,53.720001220703125,0
2021-05-27,53.470001220703125,53.470001220703125,52.81999969482422,52.81999969482422,0
2021-05-28,52.040000915527344,53.470001220703125,52.040000915527344,53.470001220703125,0
2021-06-01,54.9900016784668,54.9900016784668,52.040000915527344,52.040000915527344,0
2021-06-02,55.209999084472656,55.209999084472656,54.9900016784668,54.9900016784668,0
2021-06-03,53.959999084472656,55.209999084472656,53.959999084472656,55.209999084472656,0
2021-06-04,49.779998779296875,53.959999084472656,49.779998779296875,53.959999084472656,0
2021-06-07,49.54999923706055,53.959999084472656,49.54999923706055,53.959999084472656,0
2021-06-08,49.93000030517578,49.93000030517578,49.54999923706055,49.54999923706055,0
2021-06-09,52.84000015258789,52.84000015258789,49.93000030517578,49.93000030517578,0
2021-06-10,48.2599983215332,52.84000015258789,48.2599983215332,52.84000015258789,0
2021-06-11,50.849998474121094,50.849998474121094,48.2599983215332,48.2599983215332,0
2021-06-14,54.029998779296875,54.029998779296875,48.2599983215332,48.2599983215332,0
2021-06-15,52.91999816894531,54.029998779296875,52.91999816894531,54.029998779296875,0
2021-06-16,54.279998779296875,54.279998779296875,52.91999816894531,52.91999816894531,0
2021-06-17,54.90999984741211,54.90999984741211,54.279998779296875,54.279998779296875,0
2021-06-18,60.45000076293945,60.45000076293945,54.90999984741211,54.90999984741211,0
2021-06-21,61.86000061035156,61.86000061035156,54.90999984741211,54.90999984741211,0
2021-06-22,58.63999938964844,61.86000061035156,58.63999938964844,61.86000061035156,0
2021-06-23,55.599998474121094,58.63999938964844,55.599998474121094,58.63999938964844,0
2021-06-24,54.83000183105469,55.599998474121094,54.83000183105469,55.599998474121094,0
2021-06-25,55.58000183105469,55.58000183105469,54.83000183105469,54.83000183105469,0
2021-06-28,56.33000183105469,56.33000183105469,54.83000183105469,54.83000183105469,0
2021-06-29,56.79999923706055,56.79999923706055,56.33000183105469,56.33000183105469,0
2021-06-30,57.27000045776367,57.27000045776367,56.79999923706055,56.79999923706055,0
2021-07-01,57.52000045776367,57.52000045776367,57.27000045776367,57.27000045776367,0
2021-07-02,52.40999984741211,57.52000045776367,52.40999984741211,57.52000045776367,0
2021-07-06,56.54999923706055,56.54999923706055,52.40999984741211,52.40999984741211,0
2021-07-07,60.650001525878906,60.650001525878906,56.54999923706055,56.54999923706055,0
2021-07-08,61.68000030517578,61.68000030517578,60.650001525878906,60.650001525878906,0
2021-07-09,59.91999816894531,61.68000030517578,59.91999816894531,61.68000030517578,0
2021-07-12,60.779998779296875,61.68000030517578,60.779998779296875,61.68000030517578,0
2021-07-13,60.79999923706055,60.79999923706055,60.779998779296875,60.779998779296875,0
2021-07-14,57.310001373291016,60.79999923706055,57.310001373291016,60.79999923706055,0
2021-07-15,56.97999954223633,57.310001373291016,56.97999954223633,57.310001373291016,0
2021-07-16,58.2400016784668,58.2400016784668,56.97999954223633,56.97999954223633,0
2021-07-19,67.58000183105469,67.58000183105469,56.97999954223633,56.97999954223633,0
2021-07-20,69.30999755859375,69.30999755859375,67.58000183105469,67.58000183105469,0
2021-07-21,65.27999877929688,69.30999755859375,65.27999877929688,69.30999755859375,0
2021-07-22,64.95999908447266,65.27999877929688,64.95999908447266,65.27999877929688,0
2021-07-23,65.27999877929688,65.27999877929688,64.95999908447266,64.95999908447266,0
2021-07-26,69.02999877929688,69.02999877929688,64.95999908447266,64.95999908447266,0
2021-07-27,70.06999969482422,70.06999969482422,69.02999877929688,69.02999877929688,0
2021-07-28,62.400001525878906,70.06999969482422,62.400001525878906,70.06999969482422,0
2021-07-29,62.08000183105469,62.400001525878906,62.08000183105469,62.400001525878906,0
2021-07-30,61.189998626708984,62.08000183105469,61.189998626708984,62.08000183105469,0
2021-08-02,64.29000091552734,64.29000091552734,62.08000183105469,62.08000183105469,0
2021-08-03,65.41999816894531,65.41999816894531,64.29000091552734,64.29000091552734,0
2021-08-04,62.66999816894531,65.41999816894531,62.66999816894531,65.41999816894531,0
2021-08-05,63.56999969482422,63.56999969482422,62.66999816894531,62.66999816894531,0
2021-08-06,62.63999938964844,63.56999969482422,62.63999938964844,63.56999969482422,0
2021-08-09,65.72000122070312,65.72000122070312,63.56999969482422,63.56999969482422,0
2021-08-10,66.55000305175781,66.55000305175781,65.72000122070312,65.72000122070312,0
2021-08-11,60.65999984741211,66.55000305175781,60.65999984741211,66.55000305175781,0
2021-08-12,57.38999938964844,60.65999984741211,57.38999938964844,60.65999984741211,0
2021-08-13,55.45000076293945,57.38999938964844,55.45000076293945,57.38999938964844,0
2021-08-16,59.400001525878906,59.400001525878906,55.45000076293945,55.45000076293945,0
2021-08-17,60.279998779296875,60.279998779296875,59.400001525878906,59.400001525878906,0
2021-08-18,58.04999923706055,60.279998779296875,58.04999923706055,60.279998779296875,0
2021-08-19,59.380001068115234,59.380001068115234,58.04999923706055,58.04999923706055,0
2021-08-20,59.95000076293945,59.95000076293945,59.380001068115234,59.380001068115234,0
2021-08-23,62.22999954223633,62.22999954223633,59.380001068115234,59.380001068115234,0
2021-08-24,63.029998779296875,63.029998779296875,62.22999954223633,62.22999954223633,0
2021-08-25,64.51000213623047,64.51000213623047,63.029998779296875,63.029998779296875,0
2021-08-26,63.40999984741211,64.51000213623047,63.40999984741211,64.51000213623047,0
2021-08-27,57.97999954223633,63.40999984741211,57.97999954223633,63.40999984741211,0
2021-08-30,60.13999938964844,63.40999984741211,60.13999938964844,63.40999984741211,0
2021-08-31,59.540000915527344,60.13999938964844,59.540000915527344,60.13999938964844,0
2021-09-01,58.09000015258789,59.540000915527344,58.09000015258789,59.540000915527344,0
2021-09-02,55.79999923706055,58.09000015258789,55.79999923706055,58.09000015258789,0
2021-09-03,53.2599983215332,55.79999923706055,53.2599983215332,55.79999923706055,0
2021-09-07,57.04999923706055,57.04999923706055,53.2599983215332,53.2599983215332,0
2021-09-08,57.02000045776367,57.04999923706055,57.02000045776367,57.04999923706055,0
2021-09-09,52.61000061035156,57.02000045776367,52.61000061035156,57.02000045776367,0
2021-09-10,51.72999954223633,52.61000061035156,51.72999954223633,52.61000061035156,0
2021-09-13,53.099998474121094,53.099998474121094,52.61000061035156,52.61000061035156,0
2021-09-14,51.72999954223633,53.099998474121094,51.72999954223633,53.099998474121094,0
2021-09-15,53.93000030517578,53.93000030517578,51.72999954223633,51.72999954223633,0
2021-09-16,53.70000076293945,53.93000030517578,53.70000076293945,53.93000030517578,0
2021-09-17,56.060001373291016,56.060001373291016,53.70000076293945,53.70000076293945,0
2021-09-20,59.58000183105469,59.58000183105469,56.060001373291016,56.060001373291016,0
2021-09-21,59.20000076293945,59.58000183105469,59.20000076293945,59.58000183105469,0
2021-09-22,55.91999816894531,59.20000076293945,55.91999816894531,59.20000076293945,0
2021-09-23,56.790000915527344,56.790000915527344,55.91999816894531,55.91999816894531,0
2021-09-24,58.459999084472656,58.459999084472656,56.790000915527344,56.790000915527344,0
2021-09-27,60.5,60.5,56.790000915527344,56.790000915527344,0
2021-09-28,62.709999084472656,62.709999084472656,60.5,60.5,0
2021-09-29,61.209999084472656,62.709999084472656,61.209999084472656,62.709999084472656,0
2021-09-30,61.06999969482422,61.209999084472656,61.06999969482422,61.209999084472656,0
2021-10-01,57.380001068115234,61.06999969482422,57.380001068115234,61.06999969482422,0
2021-10-04,60.61000061035156,61.06999969482422,60.61000061035156,61.06999969482422,0
2021-10-05,62.83000183105469,62.83000183105469,60.61000061035156,60.61000061035156,0
2021-10-06,60.650001525878906,62.83000183105469,60.650001525878906,62.83000183105469,0
2021-10-07,60.90999984741211,60.90999984741211,60.650001525878906,60.650001525878906,0
2021-10-08,59.650001525878906,60.90999984741211,59.650001525878906,60.90999984741211,0
2021-10-12,62.95000076293945,62.95000076293945,59.650001525878906,59.650001525878906,0
2021-10-13,60.84000015258789,62.95000076293945,60.84000015258789,62.95000076293945,0
2021-10-14,59.349998474121094,60.84000015258789,59.349998474121094,60.84000015258789,0
2021-10-15,62.70000076293945,62.70000076293945,59.349998474121094,59.349998474121094,0
2021-10-18,70.7699966430664,70.7699966430664,59.349998474121094,59.349998474121094,0
2021-10-19,68.25,70.7699966430664,68.25,70.7699966430664,0
2021-10-20,65.47000122070312,68.25,65.47000122070312,68.25,0
2021-10-21,69.41999816894531,69.41999816894531,65.47000122070312,65.47000122070312,0
2021-10-22,72.04000091552734,72.04000091552734,69.41999816894531,69.41999816894531,0
2021-10-25,68.95999908447266,69.41999816894531,68.95999908447266,69.41999816894531,0
2021-10-26,66.69999694824219,68.95999908447266,66.69999694824219,68.95999908447266,0
2021-10-27,70.05999755859375,70.05999755859375,66.69999694824219,66.69999694824219,0
2021-10-28,71.95999908447266,71.95999908447266,70.05999755859375,70.05999755859375,0
2021-10-29,75.44999694824219,75.44999694824219,71.95999908447266,71.95999908447266,0
2021-11-01,78.33999633789062,78.33999633789062,71.95999908447266,71.95999908447266,0
2021-11-02,71.04000091552734,78.33999633789062,71.04000091552734,78.33999633789062,0
2021-11-03,71.22000122070312,71.22000122070312,71.04000091552734,71.04000091552734,0
2021-11-04,64.61000061035156,71.22000122070312,64.61000061035156,71.22000122070312,0
2021-11-05,66.9000015258789,66.9000015258789,64.61000061035156,64.61000061035156,0
2021-11-08,70.97000122070312,70.97000122070312,64.61000061035156,64.61000061035156,0
2021-11-09,73.0199966430664,73.0199966430664,70.97000122070312,70.97000122070312,0
2021-11-10,78.30999755859375,78.30999755859375,73.0199966430664,73.0199966430664,0
2021-11-12,78.61000061035156,78.61000061035156,78.30999755859375,78.30999755859375,0
2021-11-15,81.58999633789062,81.58999633789062,78.30999755859375,78.30999755859375,0
2021-11-16,81.58000183105469,81.58999633789062,81.58000183105469,81.58999633789062,0
2021-11-17,81.58000183105469,81.58000183105469,81.58000183105469,81.58000183105469,0
2021-11-18,74.51000213623047,81.58000183105469,74.51000213623047,81.58000183105469,0
2021-11-19,73.38999938964844,74.51000213623047,73.38999938964844,74.51000213623047,0
2021-11-22,79.20999908447266,79.20999908447266,74.51000213623047,74.51000213623047,0
2021-11-23,80.56999969482422,80.56999969482422,79.20999908447266,79.20999908447266,0
2021-11-24,83.1500015258789,83.1500015258789,80.56999969482422,80.56999969482422,0
2021-11-26,89.44999694824219,89.44999694824219,83.1500015258789,83.1500015258789,0
2021-11-29,89.41000366210938,89.41000366210938,83.1500015258789,83.1500015258789,0
2021-11-30,84.04000091552734,89.41000366210938,84.04000091552734,89.41000366210938,0
2021-12-01,82.97000122070312,84.04000091552734,82.97000122070312,84.04000091552734,0
2021-12-02,82.55000305175781,82.97000122070312,82.55000305175781,82.97000122070312,0
2021-12-03,79.13999938964844,82.55000305175781,79.13999938964844,82.55000305175781,0
2021-12-06,87.88999938964844,87.88999938964844,82.55000305175781,82.55000305175781,0
2021-12-07,88.13999938964844,88.13999938964844,87.88999938964844,87.88999938964844,0
2021-12-08,80.29000091552734,88.13999938964844,80.29000091552734,88.13999938964844,0
2021-12-09,79.54000091552734,80.29000091552734,79.54000091552734,80.29000091552734,0
2021-12-10,74.36000061035156,79.54000091552734,74.36000061035156,79.54000091552734,0
2021-12-13,76.41000366210938,79.54000091552734,76.41000366210938,79.54000091552734,0
2021-12-14,78.9800033569336,78.9800033569336,76.41000366210938,76.41000366210938,0
2021-12-15,74.05999755859375,78.9800033569336,74.05999755859375,78.9800033569336,0
2021-12-16,69.0999984741211,74.05999755859375,69.0999984741211,74.05999755859375,0
2021-12-17,72.45999908447266,72.45999908447266,69.0999984741211,69.0999984741211,0
2021-12-20,77.0199966430664,77.0199966430664,69.0999984741211,69.0999984741211,0
2021-12-21,79.5199966430664,79.5199966430664,77.0199966430664,77.0199966430664,0
2021-12-22,76.8499984741211,79.5199966430664,76.8499984741211,79.5199966430664,0
2021-12-23,77.29000091552734,77.29000091552734,76.8499984741211,76.8499984741211,0
2021-12-27,80.12000274658203,80.12000274658203,77.29000091552734,77.29000091552734,0
2021-12-28,77.5199966430664,80.12000274658203,77.5199966430664,80.12000274658203,0
2021-12-29,78.0,78.0,77.5199966430664,77.5199966430664,0
2021-12-30,77.62000274658203,78.0,77.62000274658203,78.0,0
2021-12-31,77.0999984741211,77.62000274658203,77.0999984741211,77.62000274658203,0
2022-01-03,84.08000183105469,84.08000183105469,77.62000274658203,77.62000274658203,0
2022-01-04,83.11000061035156,84.08000183105469,83.11000061035156,84.08000183105469,0
2022-01-05,78.68000030517578,83.11000061035156,78.68000030517578,83.11000061035156,0
2022-01-06,77.7300033569336,78.68000030517578,77.7300033569336,78.68000030517578,0
2022-01-07,74.69000244140625,77.7300033569336,74.69000244140625,77.7300033569336,0
2022-01-10,78.12000274658203,78.12000274658203,77.7300033569336,77.7300033569336,0
2022-01-11,77.8499984741211,78.12000274658203,77.8499984741211,78.12000274658203,0
2022-01-12,74.55000305175781,77.8499984741211,74.55000305175781,77.8499984741211,0
2022-01-13,72.56999969482422,74.55000305175781,72.56999969482422,74.55000305175781,0
2022-01-14,76.58999633789062,76.58999633789062,72.56999969482422,72.56999969482422,0
2022-01-18,84.62999725341797,84.62999725341797,76.58999633789062,76.58999633789062,0
2022-01-19,80.13999938964844,84.62999725341797,80.13999938964844,84.62999725341797,0
2022-01-20,80.95999908447266,80.95999908447266,80.13999938964844,80.13999938964844,0
2022-01-21,81.02999877929688,81.02999877929688,80.95999908447266,80.95999908447266,0
2022-01-24,83.7699966430664,83.7699966430664,80.95999908447266,80.95999908447266,0
2022-01-25,84.56999969482422,84.56999969482422,83.7699966430664,83.7699966430664,0
2022-01-26,85.75,85.75,84.56999969482422,84.56999969482422,0
2022-01-27,85.62000274658203,85.75,85.62000274658203,85.75,0
2022-01-28,85.29000091552734,85.62000274658203,85.29000091552734,85.62000274658203,0
2022-01-31,85.13999938964844,85.62000274658203,85.13999938964844,85.62000274658203,0
2022-02-01,85.22000122070312,85.22000122070312,85.13999938964844,85.13999938964844,0
2022-02-02,84.8499984741211,85.22000122070312,84.8499984741211,85.22000122070312,0
2022-02-03,85.73999786376953,85.73999786376953,84.8499984741211,84.8499984741211,0
2022-02-04,87.68000030517578,87.68000030517578,85.73999786376953,85.73999786376953,0
2022-02-07,87.44000244140625,87.44000244140625,85.73999786376953,85.73999786376953,0
2022-02-08,82.72000122070312,87.44000244140625,82.72000122070312,87.44000244140625,0
2022-02-09,81.76000213623047,82.72000122070312,81.76000213623047,82.72000122070312,0
2022-02-10,88.5199966430664,88.5199966430664,81.76000213623047,81.76000213623047,0
2022-02-11,94.02999877929688,94.02999877929688,88.5199966430664,88.5199966430664,0
2022-02-14,102.27999877929688,102.27999877929688,88.5199966430664,88.5199966430664,0
2022-02-15,94.0,102.27999877929688,94.0,102.27999877929688,0
2022-02-16,92.73999786376953,94.0,92.73999786376953,94.0,0
2022-02-17,96.16999816894531,96.16999816894531,92.73999786376953,92.73999786376953,0
2022-02-18,94.36000061035156,96.16999816894531,94.36000061035156,96.16999816894531,0
2022-02-22,95.54000091552734,95.54000091552734,94.36000061035156,94.36000061035156,0
2022-02-23,95.1500015258789,95.54000091552734,95.1500015258789,95.54000091552734,0
2022-02-24,100.75,100.75,95.1500015258789,95.1500015258789,0
2022-02-25,93.33999633789062,100.75,93.33999633789062,100.75,0
2022-02-28,100.4000015258789,100.75,100.4000015258789,100.75,0
2022-03-01,118.26000213623047,118.26000213623047,100.4000015258789,100.4000015258789,0
2022-03-02,110.27999877929688,118.26000213623047,110.27999877929688,118.26000213623047,0
2022-03-03,115.18000030517578,115.18000030517578,110.27999877929688,110.27999877929688,0
2022-03-04,131.82000732421875,131.82000732421875,115.18000030517578,115.18000030517578,0
2022-03-07,140.02999877929688,140.02999877929688,115.18000030517578,115.18000030517578,0
2022-03-08,133.3699951171875,140.02999877929688,133.3699951171875,140.02999877929688,0
2022-03-09,110.9000015258789,133.3699951171875,110.9000015258789,133.3699951171875,0
2022-03-10,105.30999755859375,110.9000015258789,105.30999755859375,110.9000015258789,0
2022-03-11,99.02999877929688,105.30999755859375,99.02999877929688,105.30999755859375,0
2022-03-14,105.08000183105469,105.08000183105469,99.02999877929688,99.02999877929688,0
2022-03-15,101.02999877929688,105.08000183105469,101.02999877929688,105.08000183105469,0
2022-03-16,100.56999969482422,101.02999877929688,100.56999969482422,101.02999877929688,0
2022-03-17,91.76000213623047,100.56999969482422,91.76000213623047,100.56999969482422,0
2022-03-18,91.7699966430664,91.7699966430664,91.76000213623047,91.76000213623047,0
2022-03-21,101.94000244140625,101.94000244140625,91.76000213623047,91.76000213623047,0
2022-03-22,105.37999725341797,105.37999725341797,101.94000244140625,101.94000244140625,0
2022-03-23,105.72000122070312,105.72000122070312,105.37999725341797,105.37999725341797,0
2022-03-24,113.13999938964844,113.13999938964844,105.72000122070312,105.72000122070312,0
2022-03-25,125.2699966430664,125.2699966430664,113.13999938964844,113.13999938964844,0
2022-03-28,129.27999877929688,129.27999877929688,113.13999938964844,113.13999938964844,0
2022-03-29,117.91999816894531,129.27999877929688,117.91999816894531,129.27999877929688,0
2022-03-30,112.9800033569336,117.91999816894531,112.9800033569336,117.91999816894531,0
2022-03-31,106.87999725341797,112.9800033569336,106.87999725341797,112.9800033569336,0
2022-04-01,108.33999633789062,108.33999633789062,106.87999725341797,106.87999725341797,0
2022-04-04,108.37000274658203,108.37000274658203,106.87999725341797,106.87999725341797,0
2022-04-05,116.37000274658203,116.37000274658203,108.37000274658203,108.37000274658203,0
2022-04-06,123.91999816894531,123.91999816894531,116.37000274658203,116.37000274658203,0
2022-04-07,122.66999816894531,123.91999816894531,122.66999816894531,123.91999816894531,0
2022-04-08,124.86000061035156,124.86000061035156,122.66999816894531,122.66999816894531,0
2022-04-11,129.8699951171875,129.8699951171875,122.66999816894531,122.66999816894531,0
2022-04-12,117.79000091552734,129.8699951171875,117.79000091552734,129.8699951171875,0
2022-04-13,116.33000183105469,117.79000091552734,116.33000183105469,117.79000091552734,0
2022-04-14,119.66000366210938,119.66000366210938,116.33000183105469,116.33000183105469,0
2022-04-18,122.31999969482422,122.31999969482422,119.66000366210938,119.66000366210938,0
2022-04-19,122.73999786376953,122.73999786376953,122.31999969482422,122.31999969482422,0
2022-04-20,125.12000274658203,125.12000274658203,122.73999786376953,122.73999786376953,0
2022-04-21,130.69000244140625,130.69000244140625,125.12000274658203,125.12000274658203,0
2022-04-22,128.1199951171875,130.69000244140625,128.1199951171875,130.69000244140625,0
2022-04-25,131.6300048828125,131.6300048828125,130.69000244140625,130.69000244140625,0
2022-04-26,129.27000427246094,131.6300048828125,129.27000427246094,131.6300048828125,0
2022-04-27,130.11000061035156,130.11000061035156,129.27000427246094,129.27000427246094,0
2022-04-28,128.74000549316406,130.11000061035156,128.74000549316406,130.11000061035156,0
2022-04-29,128.39999389648438,128.74000549316406,128.39999389648438,128.74000549316406,0
2022-05-02,135.1699981689453,135.1699981689453,128.74000549316406,128.74000549316406,0
2022-05-03,126.45999908447266,135.1699981689453,126.45999908447266,135.1699981689453,0
2022-05-04,121.98999786376953,126.45999908447266,121.98999786376953,126.45999908447266,0
2022-05-05,122.72000122070312,122.72000122070312,121.98999786376953,121.98999786376953,0
2022-05-06,121.41999816894531,122.72000122070312,121.41999816894531,122.72000122070312,0
2022-05-09,125.22000122070312,125.22000122070312,122.72000122070312,122.72000122070312,0
2022-05-10,126.76000213623047,126.76000213623047,125.22000122070312,125.22000122070312,0
2022-05-11,118.05000305175781,126.76000213623047,118.05000305175781,126.76000213623047,0
2022-05-12,118.7300033569336,118.7300033569336,118.05000305175781,118.05000305175781,0
2022-05-13,114.61000061035156,118.7300033569336,114.61000061035156,118.7300033569336,0
2022-05-16,117.94999694824219,118.7300033569336,117.94999694824219,118.7300033569336,0
2022-05-17,119.45999908447266,119.45999908447266,117.94999694824219,117.94999694824219,0
2022-05-18,114.86000061035156,119.45999908447266,114.86000061035156,119.45999908447266,0
2022-05-19,115.05000305175781,115.05000305175781,114.86000061035156,114.86000061035156,0
2022-05-20,111.0999984741211,115.05000305175781,111.0999984741211,115.05000305175781,0
2022-05-23,110.19000244140625,115.05000305175781,110.19000244140625,115.05000305175781,0
2022-05-24,111.1500015258789,111.1500015258789,110.19000244140625,110.19000244140625,0
2022-05-25,105.69000244140625,111.1500015258789,105.69000244140625,111.1500015258789,0
2022-05-26,102.48999786376953,105.69000244140625,102.48999786376953,105.69000244140625,0
2022-05-27,98.4800033569336,102.48999786376953,98.4800033569336,102.48999786376953,0
2022-05-31,107.12000274658203,107.12000274658203,98.4800033569336,98.4800033569336,0
2022-06-01,109.37999725341797,109.37999725341797,107.12000274658203,107.12000274658203,0
2022-06-02,99.2699966430664,109.37999725341797,99.2699966430664,109.37999725341797,0
2022-06-03,97.7300033569336,99.2699966430664,97.7300033569336,99.2699966430664,0
2022-06-06,102.26000213623047,102.26000213623047,99.2699966430664,99.2699966430664,0
2022-06-07,102.61000061035156,102.61000061035156,102.26000213623047,102.26000213623047,0
2022-06-08,105.29000091552734,105.29000091552734,102.61000061035156,102.61000061035156,0
2022-06-09,105.29000091552734,105.29000091552734,105.29000091552734,105.29000091552734,0
2022-06-10,114.2300033569336,114.2300033569336,105.29000091552734,105.29000091552734,0
2022-06-13,139.2100067138672,139.2100067138672,114.2300033569336,114.2300033569336,0
2022-06-14,144.08999633789062,144.08999633789062,139.2100067138672,139.2100067138672,0
2022-06-15,135.92999267578125,144.08999633789062,135.92999267578125,144.08999633789062,0
2022-06-16,138.10000610351562,138.10000610351562,135.92999267578125,135.92999267578125,0
2022-06-17,133.75,138.10000610351562,133.75,138.10000610351562,0
2022-06-21,138.91000366210938,138.91000366210938,133.75,133.75,0
2022-06-22,129.94000244140625,138.91000366210938,129.94000244140625,138.91000366210938,0
2022-06-23,125.9800033569336,129.94000244140625,125.9800033569336,129.94000244140625,0
2022-06-24,127.0,127.0,125.9800033569336,125.9800033569336,0
2022-06-27,133.22000122070312,133.22000122070312,125.9800033569336,125.9800033569336,0
2022-06-28,135.22000122070312,135.22000122070312,133.22000122070312,133.22000122070312,0
2022-06-29,130.42999267578125,135.22000122070312,130.42999267578125,135.22000122070312,0
2022-06-30,135.5,135.5,130.42999267578125,130.42999267578125,0
2022-07-01,144.1699981689453,144.1699981689453,135.5,135.5,0
2022-07-05,156.16000366210938,156.16000366210938,144.1699981689453,144.1699981689453,0
2022-07-06,151.13999938964844,156.16000366210938,151.13999938964844,156.16000366210938,0
2022-07-07,149.7100067138672,151.13999938964844,149.7100067138672,151.13999938964844,0
2022-07-08,145.25,149.7100067138672,145.25,149.7100067138672,0
2022-07-11,147.72000122070312,149.7100067138672,147.72000122070312,149.7100067138672,0
2022-07-12,148.11000061035156,148.11000061035156,147.72000122070312,147.72000122070312,0
2022-07-13,136.10000610351562,148.11000061035156,136.10000610351562,148.11000061035156,0
2022-07-14,137.75999450683594,137.75999450683594,136.10000610351562,136.10000610351562,0
2022-07-15,129.85000610351562,137.75999450683594,129.85000610351562,137.75999450683594,0
2022-07-18,127.69000244140625,137.75999450683594,127.69000244140625,137.75999450683594,0
2022-07-19,124.69999694824219,127.69000244140625,124.69999694824219,127.69000244140625,0
2022-07-20,122.9000015258789,124.69999694824219,122.9000015258789,124.69999694824219,0
2022-07-21,121.1500015258789,122.9000015258789,121.1500015258789,122.9000015258789,0
2022-07-22,123.69999694824219,123.69999694824219,121.1500015258789,121.1500015258789,0
2022-07-25,128.27000427246094,128.27000427246094,121.1500015258789,121.1500015258789,0
2022-07-26,128.5500030517578,128.5500030517578,128.27000427246094,128.27000427246094,0
2022-07-27,117.27999877929688,128.5500030517578,117.27999877929688,128.5500030517578,0
2022-07-28,119.93000030517578,119.93000030517578,117.27999877929688,117.27999877929688,0
2022-07-29,116.36000061035156,119.93000030517578,116.36000061035156,119.93000030517578,0
2022-08-01,120.5,120.5,119.93000030517578,119.93000030517578,0
2022-08-02,129.22999572753906,129.22999572753906,120.5,120.5,0
2022-08-03,122.04000091552734,129.22999572753906,122.04000091552734,129.22999572753906,0
2022-08-04,120.56999969482422,122.04000091552734,120.56999969482422,122.04000091552734,0
2022-08-05,122.58000183105469,122.58000183105469,120.56999969482422,120.56999969482422,0
2022-08-08,124.12000274658203,124.12000274658203,120.56999969482422,120.56999969482422,0
2022-08-09,125.12000274658203,125.12000274658203,124.12000274658203,124.12000274658203,0
2022-08-10,115.26000213623047,125.12000274658203,115.26000213623047,125.12000274658203,0
2022-08-11,111.11000061035156,115.26000213623047,111.11000061035156,115.26000213623047,0
2022-08-12,106.27999877929688,111.11000061035156,106.27999877929688,111.11000061035156,0
2022-08-15,113.81999969482422,113.81999969482422,111.11000061035156,111.11000061035156,0
2022-08-16,116.83000183105469,116.83000183105469,113.81999969482422,113.81999969482422,0
2022-08-17,117.69999694824219,117.69999694824219,116.83000183105469,116.83000183105469,0
2022-08-18,120.26000213623047,120.26000213623047,117.69999694824219,117.69999694824219,0
2022-08-19,123.80999755859375,123.80999755859375,120.26000213623047,120.26000213623047,0
2022-08-22,135.88999938964844,135.88999938964844,120.26000213623047,120.26000213623047,0
2022-08-23,133.85000610351562,135.88999938964844,133.85000610351562,135.88999938964844,0
2022-08-24,133.1300048828125,133.85000610351562,133.1300048828125,133.85000610351562,0
2022-08-25,126.33000183105469,133.1300048828125,126.33000183105469,133.1300048828125,0
2022-08-26,122.94999694824219,126.33000183105469,122.94999694824219,126.33000183105469,0
2022-08-29,130.13999938964844,130.13999938964844,126.33000183105469,126.33000183105469,0
2022-08-30,127.69000244140625,130.13999938964844,127.69000244140625,130.13999938964844,0
2022-08-31,124.83999633789062,127.69000244140625,124.83999633789062,127.69000244140625,0
2022-09-01,126.58000183105469,126.58000183105469,124.83999633789062,124.83999633789062,0
2022-09-02,120.72000122070312,126.58000183105469,120.72000122070312,126.58000183105469,0
2022-09-06,133.5399932861328,133.5399932861328,120.72000122070312,120.72000122070312,0
2022-09-07,133.1199951171875,133.5399932861328,133.1199951171875,133.5399932861328,0
2022-09-08,124.13999938964844,133.1199951171875,124.13999938964844,133.1199951171875,0
2022-09-09,121.54000091552734,124.13999938964844,121.54000091552734,124.13999938964844,0
2022-09-12,123.06999969482422,124.13999938964844,123.06999969482422,124.13999938964844,0
2022-09-13,128.8699951171875,128.8699951171875,123.06999969482422,123.06999969482422,0
2022-09-14,125.3499984741211,128.8699951171875,125.3499984741211,128.8699951171875,0
2022-09-15,124.06999969482422,125.3499984741211,124.06999969482422,125.3499984741211,0
2022-09-16,124.94999694824219,124.94999694824219,124.06999969482422,124.06999969482422,0
2022-09-19,133.7899932861328,133.7899932861328,124.06999969482422,124.06999969482422,0
2022-09-20,134.66000366210938,134.66000366210938,133.7899932861328,133.7899932861328,0
2022-09-21,130.5399932861328,134.66000366210938,130.5399932861328,134.66000366210938,0
2022-09-22,131.92999267578125,131.92999267578125,130.5399932861328,130.5399932861328,0
2022-09-23,137.27999877929688,137.27999877929688,131.92999267578125,131.92999267578125,0
2022-09-26,153.61000061035156,153.61000061035156,131.92999267578125,131.92999267578125,0
2022-09-27,158.1199951171875,158.1199951171875,153.61000061035156,153.61000061035156,0
2022-09-28,158.99000549316406,158.99000549316406,158.1199951171875,158.1199951171875,0
2022-09-29,148.13999938964844,158.99000549316406,148.13999938964844,158.99000549316406,0
2022-09-30,141.88999938964844,148.13999938964844,141.88999938964844,148.13999938964844,0
2022-10-03,152.94000244140625,152.94000244140625,148.13999938964844,148.13999938964844,0
2022-10-04,151.2100067138672,152.94000244140625,151.2100067138672,152.94000244140625,0
2022-10-05,152.00999450683594,152.00999450683594,151.2100067138672,151.2100067138672,0
2022-10-06,153.2899932861328,153.2899932861328,152.00999450683594,152.00999450683594,0
2022-10-07,148.4600067138672,153.2899932861328,148.4600067138672,153.2899932861328,0
2022-10-11,155.57000732421875,155.57000732421875,148.4600067138672,148.4600067138672,0
2022-10-12,160.72000122070312,160.72000122070312,155.57000732421875,155.57000732421875,0
2022-10-13,155.0800018310547,160.72000122070312,155.0800018310547,160.72000122070312,0
2022-10-14,152.88999938964844,155.0800018310547,152.88999938964844,155.0800018310547,0
2022-10-17,150.4199981689453,155.0800018310547,150.4199981689453,155.0800018310547,0
2022-10-18,145.7899932861328,150.4199981689453,145.7899932861328,150.4199981689453,0
2022-10-19,147.72999572753906,147.72999572753906,145.7899932861328,145.7899932861328,0
2022-10-20,155.61000061035156,155.61000061035156,147.72999572753906,147.72999572753906,0
2022-10-21,156.9499969482422,156.9499969482422,155.61000061035156,155.61000061035156,0
2022-10-24,154.02000427246094,155.61000061035156,154.02000427246094,155.61000061035156,0
2022-10-25,147.77999877929688,154.02000427246094,147.77999877929688,154.02000427246094,0
2022-10-26,140.1999969482422,147.77999877929688,140.1999969482422,147.77999877929688,0
2022-10-27,142.77999877929688,142.77999877929688,140.1999969482422,140.1999969482422,0
2022-10-28,144.60000610351562,144.60000610351562,142.77999877929688,142.77999877929688,0
2022-10-31,147.9199981689453,147.9199981689453,142.77999877929688,142.77999877929688,0
2022-11-01,148.4199981689453,148.4199981689453,147.9199981689453,147.9199981689453,0
2022-11-02,141.1699981689453,148.4199981689453,141.1699981689453,148.4199981689453,0
2022-11-03,136.27999877929688,141.1699981689453,136.27999877929688,141.1699981689453,0
2022-11-04,128.44000244140625,136.27999877929688,128.44000244140625,136.27999877929688,0
2022-11-07,128.3300018310547,136.27999877929688,128.3300018310547,136.27999877929688,0
2022-11-08,126.33000183105469,128.3300018310547,126.33000183105469,128.3300018310547,0
2022-11-09,124.4000015258789,126.33000183105469,124.4000015258789,126.33000183105469,0
2022-11-10,111.69000244140625,124.4000015258789,111.69000244140625,124.4000015258789,0
2022-11-14,119.98999786376953,119.98999786376953,119.98999786376953,119.98999786376953,0
2022-11-15,128.6199951171875,128.6199951171875,128.6199951171875,128.6199951171875,0
2022-11-16,130.8300018310547,130.8300018310547,128.6199951171875,128.6199951171875,0
2022-11-17,132.17999267578125,132.17999267578125,132.17999267578125,132.17999267578125,0
2022-11-18,129.3300018310547,129.3300018310547,129.3300018310547,129.3300018310547,0
2022-11-21,132.1300048828125,132.1300048828125,129.3300018310547,129.3300018310547,0
2022-11-22,133.52999877929688,133.52999877929688,132.1300048828125,132.1300048828125,0
2022-11-23,136.1999969482422,136.1999969482422,133.52999877929688,133.52999877929688,0
2022-11-25,129.60000610351562,136.1999969482422,129.60000610351562,136.1999969482422,0
2022-11-28,131.72999572753906,131.72999572753906,129.60000610351562,129.60000610351562,0
2022-11-29,131.22999572753906,131.72999572753906,131.22999572753906,131.72999572753906,0
2022-11-30,127.2699966430664,131.22999572753906,127.2699966430664,131.22999572753906,0
2022-12-01,119.7699966430664,127.2699966430664,119.7699966430664,127.2699966430664,0
2022-12-02,118.62000274658203,119.7699966430664,118.62000274658203,119.7699966430664,0
2022-12-05,126.5,126.5,118.62000274658203,118.62000274658203,0
2022-12-06,129.08999633789062,129.08999633789062,126.5,126.5,0
2022-12-07,131.10000610351562,131.10000610351562,129.08999633789062,129.08999633789062,0
2022-12-08,129.5399932861328,131.10000610351562,129.5399932861328,131.10000610351562,0
2022-12-09,132.7899932861328,132.7899932861328,129.5399932861328,129.5399932861328,0
2022-12-12,141.92999267578125,141.92999267578125,132.7899932861328,132.7899932861328,0
2022-12-13,135.0800018310547,141.92999267578125,135.0800018310547,141.92999267578125,0
2022-12-14,120.26000213623047,135.0800018310547,120.26000213623047,135.0800018310547,0
2022-12-15,111.26000213623047,120.26000213623047,111.26000213623047,120.26000213623047,0
2022-12-16,113.6500015258789,113.6500015258789,111.26000213623047,111.26000213623047,0
2022-12-19,118.31999969482422,118.31999969482422,113.6500015258789,113.6500015258789,0
2022-12-20,119.91999816894531,119.91999816894531,118.31999969482422,118.31999969482422,0
2022-12-21,115.0,119.91999816894531,115.0,119.91999816894531,0
2022-12-22,112.05000305175781,115.0,112.05000305175781,115.0,0
2022-12-23,113.16999816894531,113.16999816894531,112.05000305175781,112.05000305175781,0
2022-12-27,124.88999938964844,124.88999938964844,113.16999816894531,113.16999816894531,0
2022-12-28,120.06999969482422,124.88999938964844,120.06999969482422,124.88999938964844,0
2022-12-29,120.25,120.25,120.06999969482422,120.06999969482422,0
2022-12-30,121.61000061035156,121.61000061035156,120.25,120.25,0
2023-01-03,129.97000122070312,129.97000122070312,121.61000061035156,121.61000061035156,0
2023-01-04,125.77999877929688,129.97000122070312,125.77999877929688,129.97000122070312,0
2023-01-05,119.52999877929688,125.77999877929688,119.52999877929688,125.77999877929688,0
2023-01-06,113.87000274658203,119.52999877929688,113.87000274658203,119.52999877929688,0
2023-01-09,116.66999816894531,116.66999816894531,113.87000274658203,113.87000274658203,0
2023-01-10,119.5199966430664,119.5199966430664,116.66999816894531,116.66999816894531,0
2023-01-11,115.16999816894531,119.5199966430664,115.16999816894531,119.5199966430664,0
2023-01-12,112.33999633789062,115.16999816894531,112.33999633789062,115.16999816894531,0
2023-01-13,113.55000305175781,113.55000305175781,112.33999633789062,112.33999633789062,0
2023-01-17,122.2699966430664,122.2699966430664,113.55000305175781,113.55000305175781,0
2023-01-18,112.61000061035156,122.2699966430664,112.61000061035156,122.2699966430664,0
2023-01-19,114.52999877929688,114.52999877929688,112.61000061035156,112.61000061035156,0
2023-01-20,114.76000213623047,114.76000213623047,114.52999877929688,114.52999877929688,0
2023-01-23,114.69000244140625,114.76000213623047,114.69000244140625,114.76000213623047,0
2023-01-24,112.76000213623047,114.69000244140625,112.76000213623047,114.69000244140625,0
2023-01-25,107.73999786376953,112.76000213623047,107.73999786376953,112.76000213623047,0
2023-01-26,104.27999877929688,107.73999786376953,104.27999877929688,107.73999786376953,0
2023-01-27,100.69999694824219,104.27999877929688,100.69999694824219,104.27999877929688,0
2023-01-30,103.7699966430664,103.7699966430664,100.69999694824219,100.69999694824219,0
2023-01-31,99.54000091552734,103.7699966430664,99.54000091552734,103.7699966430664,0
2023-02-01,97.33000183105469,99.54000091552734,97.33000183105469,99.54000091552734,0
2023-02-02,97.76000213623047,97.76000213623047,97.33000183105469,97.33000183105469,0
2023-02-03,98.98999786376953,98.98999786376953,97.76000213623047,97.76000213623047,0
2023-02-06,105.62999725341797,105.62999725341797,98.98999786376953,98.98999786376953,0
2023-02-07,103.1500015258789,105.62999725341797,103.1500015258789,105.62999725341797,0
2023-02-08,100.75,103.1500015258789,100.75,103.1500015258789,0
2023-02-09,102.44999694824219,102.44999694824219,100.75,100.75,0
2023-02-10,109.62999725341797,109.62999725341797,102.44999694824219,102.44999694824219,0
2023-02-13,110.66999816894531,110.66999816894531,109.62999725341797,109.62999725341797,0
2023-02-14,110.58999633789062,110.66999816894531,110.58999633789062,110.66999816894531,0
2023-02-15,108.63999938964844,110.58999633789062,108.63999938964844,110.58999633789062,0
2023-02-16,111.01000213623047,111.01000213623047,108.63999938964844,108.63999938964844,0
2023-02-17,110.11000061035156,111.01000213623047,110.11000061035156,111.01000213623047,0
2023-02-21,119.62000274658203,119.62000274658203,110.11000061035156,110.11000061035156,0
2023-02-22,118.20999908447266,119.62000274658203,118.20999908447266,119.62000274658203,0
2023-02-23,117.44999694824219,118.20999908447266,117.44999694824219,118.20999908447266,0
2023-02-24,122.83999633789062,122.83999633789062,117.44999694824219,117.44999694824219,0
2023-02-27,120.02999877929688,122.83999633789062,120.02999877929688,122.83999633789062,0
2023-02-28,123.5999984741211,123.5999984741211,120.02999877929688,120.02999877929688,0
2023-03-01,121.08000183105469,123.5999984741211,121.08000183105469,123.5999984741211,0
2023-03-02,124.12000274658203,124.12000274658203,121.08000183105469,121.08000183105469,0
2023-03-03,122.5199966430664,124.12000274658203,122.5199966430664,124.12000274658203,0
2023-03-06,128.19000244140625,128.19000244140625,122.5199966430664,122.5199966430664,0
2023-03-07,133.3300018310547,133.3300018310547,128.19000244140625,128.19000244140625,0
2023-03-08,129.75999450683594,133.3300018310547,129.75999450683594,133.3300018310547,0
2023-03-09,129.27999877929688,129.75999450683594,129.27999877929688,129.75999450683594,0
2023-03-10,140.05999755859375,140.05999755859375,129.27999877929688,129.27999877929688,0
2023-03-13,173.58999633789062,173.58999633789062,140.05999755859375,140.05999755859375,0
2023-03-14,169.64999389648438,173.58999633789062,169.64999389648438,173.58999633789062,0
2023-03-15,169.64999389648438,169.64999389648438,169.64999389648438,169.64999389648438,0
2023-03-16,167.9600067138672,198.7100067138672,167.9600067138672,198.7100067138672,0
2023-03-17,180.11000061035156,180.11000061035156,167.9600067138672,167.9600067138672,0
2023-03-20,182.63999938964844,182.63999938964844,180.11000061035156,180.11000061035156,0
2023-03-21,162.30999755859375,182.63999938964844,162.30999755859375,182.63999938964844,0
2023-03-22,142.83999633789062,162.30999755859375,142.83999633789062,162.30999755859375,0
2023-03-23,151.39999389648438,151.39999389648438,142.83999633789062,142.83999633789062,0
2023-03-24,173.66000366210938,173.66000366210938,151.39999389648438,151.39999389648438,0
2023-03-27,161.6699981689453,173.66000366210938,161.6699981689453,173.66000366210938,0
2023-03-28,155.9600067138672,161.6699981689453,155.9600067138672,161.6699981689453,0
2023-03-29,150.5800018310547,155.9600067138672,150.5800018310547,155.9600067138672,0
2023-03-30,141.24000549316406,150.5800018310547,141.24000549316406,150.5800018310547,0
2023-03-31,135.92999267578125,141.24000549316406,135.92999267578125,141.24000549316406,0
2023-04-03,138.1699981689453,138.1699981689453,135.92999267578125,135.92999267578125,0
2023-04-04,147.75,147.75,138.1699981689453,138.1699981689453,0
2023-04-05,153.89999389648438,153.89999389648438,147.75,147.75,0
2023-04-06,147.72999572753906,153.89999389648438,147.72999572753906,153.89999389648438,0
2023-04-10,143.0,143.0,139.1999969482422,139.1999969482422,0
2023-04-11,139.77999877929688,143.0,139.77999877929688,143.0,0
2023-04-12,129.67999267578125,139.77999877929688,129.67999267578125,139.77999877929688,0
2023-04-13,119.94999694824219,129.67999267578125,119.94999694824219,129.67999267578125,0
2023-04-14,118.83999633789062,119.94999694824219,118.83999633789062,119.94999694824219,0
2023-04-17,122.69000244140625,122.69000244140625,118.83999633789062,118.83999633789062,0
2023-04-18,122.77999877929688,122.77999877929688,122.69000244140625,122.69000244140625,0
2023-04-19,124.0199966430664,124.0199966430664,122.77999877929688,122.77999877929688,0
2023-04-20,120.61000061035156,124.0199966430664,120.61000061035156,124.0199966430664,0
2023-04-21,120.83999633789062,120.83999633789062,120.61000061035156,120.61000061035156,0
2023-04-24,126.27999877929688,126.27999877929688,120.83999633789062,120.83999633789062,0
2023-04-25,137.1300048828125,137.1300048828125,126.27999877929688,126.27999877929688,0
2023-04-26,130.38999938964844,137.1300048828125,130.38999938964844,137.1300048828125,0
2023-04-27,122.43000030517578,130.38999938964844,122.43000030517578,130.38999938964844,0
2023-04-28,122.45999908447266,122.45999908447266,122.43000030517578,122.43000030517578,0
2023-05-01,128.17999267578125,128.17999267578125,122.45999908447266,122.45999908447266,0
2023-05-02,137.5500030517578,137.5500030517578,128.17999267578125,128.17999267578125,0
2023-05-03,134.5,137.5500030517578,134.5,137.5500030517578,0
2023-05-04,140.7100067138672,140.7100067138672,134.5,134.5,0
2023-05-05,130.2100067138672,140.7100067138672,130.2100067138672,140.7100067138672,0
2023-05-08,135.07000732421875,135.07000732421875,130.2100067138672,130.2100067138672,0
2023-05-09,133.92999267578125,135.07000732421875,133.92999267578125,135.07000732421875,0
2023-05-10,125.5999984741211,133.92999267578125,125.5999984741211,133.92999267578125,0
2023-05-11,128.2100067138672,128.2100067138672,125.5999984741211,125.5999984741211,0
2023-05-12,120.5199966430664,128.2100067138672,120.5199966430664,128.2100067138672,0
2023-05-15,127.88999938964844,127.88999938964844,120.5199966430664,120.5199966430664,0
2023-05-16,130.3000030517578,130.3000030517578,127.88999938964844,127.88999938964844,0
2023-05-17,120.77999877929688,130.3000030517578,120.77999877929688,130.3000030517578,0
2023-05-18,122.5,122.5,120.77999877929688,120.77999877929688,0
2023-05-19,127.51000213623047,127.51000213623047,122.5,122.5,0
2023-05-22,132.2899932861328,132.2899932861328,127.51000213623047,127.51000213623047,0
2023-05-23,131.6999969482422,132.2899932861328,131.6999969482422,132.2899932861328,0
2023-05-24,132.2899932861328,132.2899932861328,131.6999969482422,131.6999969482422,0
2023-05-25,139.5399932861328,139.5399932861328,132.2899932861328,132.2899932861328,0
2023-05-26,145.3699951171875,145.3699951171875,139.5399932861328,139.5399932861328,0
2023-05-30,141.36000061035156,145.3699951171875,141.36000061035156,145.3699951171875,0
2023-05-31,136.02000427246094,141.36000061035156,136.02000427246094,141.36000061035156,0
2023-06-01,124.62999725341797,136.02000427246094,124.62999725341797,136.02000427246094,0
2023-06-02,120.94999694824219,124.62999725341797,120.94999694824219,124.62999725341797,0
2023-06-05,119.08000183105469,120.94999694824219,119.08000183105469,120.94999694824219,0
2023-06-06,114.41999816894531,119.08000183105469,114.41999816894531,119.08000183105469,0
2023-06-07,120.5,120.5,114.41999816894531,114.41999816894531,0
2023-06-08,115.11000061035156,120.5,115.11000061035156,120.5,0
2023-06-09,115.7699966430664,115.7699966430664,115.11000061035156,115.11000061035156,0
2023-06-12,119.80000305175781,119.80000305175781,115.7699966430664,115.7699966430664,0
2023-06-13,118.80000305175781,119.80000305175781,118.80000305175781,119.80000305175781,0
2023-06-14,114.37000274658203,118.80000305175781,114.37000274658203,118.80000305175781,0
2023-06-15,107.33999633789062,114.37000274658203,107.33999633789062,114.37000274658203,0
2023-06-16,104.43000030517578,107.33999633789062,104.43000030517578,107.33999633789062,0
2023-06-20,104.43000030517578,104.43000030517578,104.43000030517578,104.43000030517578,0
2023-06-21,110.83999633789062,114.19000244140625,110.83999633789062,114.19000244140625,0
2023-06-22,107.69999694824219,110.83999633789062,107.69999694824219,110.83999633789062,0
2023-06-23,105.73999786376953,107.69999694824219,105.73999786376953,107.69999694824219,0
2023-06-26,109.0199966430664,109.0199966430664,105.73999786376953,105.73999786376953,0
2023-06-27,110.8499984741211,110.8499984741211,109.0199966430664,109.0199966430664,0
2023-06-28,108.30000305175781,110.8499984741211,108.30000305175781,110.8499984741211,0
2023-06-29,113.44999694824219,113.44999694824219,108.30000305175781,108.30000305175781,0
2023-06-30,110.63999938964844,113.44999694824219,110.63999938964844,113.44999694824219,0
2023-07-03,110.7699966430664,113.44999694824219,110.7699966430664,113.44999694824219,0
2023-07-05,110.52999877929688,110.7699966430664,110.52999877929688,110.7699966430664,0
2023-07-06,134.6300048828125,134.6300048828125,110.52999877929688,110.52999877929688,0
2023-07-07,130.41000366210938,134.6300048828125,130.41000366210938,134.6300048828125,0
2023-07-10,131.72999572753906,131.72999572753906,130.41000366210938,130.41000366210938,0
2023-07-11,127.06999969482422,131.72999572753906,127.06999969482422,131.72999572753906,0
2023-07-12,114.06999969482422,127.06999969482422,114.06999969482422,127.06999969482422,0
2023-07-13,111.75,114.06999969482422,111.75,114.06999969482422,0
2023-07-14,112.4800033569336,112.4800033569336,111.75,111.75,0
2023-07-17,113.5,113.5,112.4800033569336,112.4800033569336,0
2023-07-18,112.44999694824219,113.5,112.44999694824219,113.5,0
2023-07-19,107.19000244140625,112.44999694824219,107.19000244140625,112.44999694824219,0
2023-07-20,112.8499984741211,112.8499984741211,107.19000244140625,107.19000244140625,0
2023-07-21,106.66000366210938,112.8499984741211,106.66000366210938,112.8499984741211,0
2023-07-24,109.94999694824219,109.94999694824219,106.66000366210938,106.66000366210938,0
2023-07-25,113.0199966430664,113.0199966430664,109.94999694824219,109.94999694824219,0
2023-07-26,104.87999725341797,113.0199966430664,104.87999725341797,113.0199966430664,0
2023-07-27,111.1500015258789,111.1500015258789,104.87999725341797,104.87999725341797,0
2023-07-28,109.76000213623047,111.1500015258789,109.76000213623047,111.1500015258789,0
2023-07-31,112.02999877929688,112.02999877929688,109.76000213623047,109.76000213623047,0
2023-08-01,116.37999725341797,116.37999725341797,112.02999877929688,112.02999877929688,0
2023-08-02,115.1500015258789,116.37999725341797,115.1500015258789,116.37999725341797,0
2023-08-03,124.5999984741211,124.5999984741211,115.1500015258789,115.1500015258789,0
2023-08-04,115.91000366210938,124.5999984741211,115.91000366210938,124.5999984741211,0
2023-08-07,120.94000244140625,124.5999984741211,120.94000244140625,124.5999984741211,0
2023-08-08,118.73999786376953,120.94000244140625,118.73999786376953,120.94000244140625,0
2023-08-09,112.55000305175781,118.73999786376953,112.55000305175781,118.73999786376953,0
2023-08-10,108.63999938964844,112.55000305175781,108.63999938964844,112.55000305175781,0
2023-08-11,112.12999725341797,112.12999725341797,108.63999938964844,108.63999938964844,0
2023-08-14,119.94000244140625,119.94000244140625,108.63999938964844,108.63999938964844,0
2023-08-15,121.80000305175781,121.80000305175781,119.94000244140625,119.94000244140625,0
2023-08-16,117.23999786376953,121.80000305175781,117.23999786376953,121.80000305175781,0
2023-08-17,121.13999938964844,121.13999938964844,117.23999786376953,117.23999786376953,0
2023-08-18,120.51000213623047,121.13999938964844,120.51000213623047,121.13999938964844,0
2023-08-21,130.69000244140625,130.69000244140625,121.13999938964844,121.13999938964844,0
2023-08-22,126.6500015258789,130.69000244140625,126.6500015258789,130.69000244140625,0
2023-08-23,118.4000015258789,126.6500015258789,118.4000015258789,126.6500015258789,0
2023-08-24,117.55999755859375,118.4000015258789,117.55999755859375,118.4000015258789,0
2023-08-25,110.37000274658203,117.55999755859375,110.37000274658203,117.55999755859375,0
2023-08-28,110.44999694824219,117.55999755859375,110.44999694824219,117.55999755859375,0
2023-08-29,110.68000030517578,110.68000030517578,110.44999694824219,110.44999694824219,0
2023-08-30,109.83999633789062,110.68000030517578,109.83999633789062,110.68000030517578,0
2023-08-31,107.93000030517578,109.83999633789062,107.93000030517578,109.83999633789062,0
2023-09-01,102.91999816894531,107.93000030517578,102.91999816894531,107.93000030517578,0
2023-09-05,109.63999938964844,109.63999938964844,102.91999816894531,102.91999816894531,0
2023-09-06,111.30999755859375,111.30999755859375,109.63999938964844,109.63999938964844,0
2023-09-07,105.19999694824219,111.30999755859375,105.19999694824219,111.30999755859375,0
2023-09-08,104.33999633789062,105.19999694824219,104.33999633789062,105.19999694824219,0
2023-09-11,107.2300033569336,107.2300033569336,105.19999694824219,105.19999694824219,0
2023-09-12,105.11000061035156,107.2300033569336,105.11000061035156,107.2300033569336,0
2023-09-13,101.86000061035156,105.11000061035156,101.86000061035156,105.11000061035156,0
2023-09-14,97.11000061035156,101.86000061035156,97.11000061035156,101.86000061035156,0
2023-09-15,96.61000061035156,97.11000061035156,96.61000061035156,97.11000061035156,0
2023-09-18,99.31999969482422,99.31999969482422,97.11000061035156,97.11000061035156,0
2023-09-19,101.30999755859375,101.30999755859375,99.31999969482422,99.31999969482422,0
2023-09-20,97.04000091552734,101.30999755859375,97.04000091552734,101.30999755859375,0
2023-09-21,106.0,106.0,97.04000091552734,97.04000091552734,0
2023-09-22,101.11000061035156,106.0,101.11000061035156,106.0,0
2023-09-25,117.33000183105469,117.33000183105469,106.0,106.0,0
2023-09-26,117.72000122070312,117.72000122070312,117.33000183105469,117.33000183105469,0
2023-09-27,122.08999633789062,122.08999633789062,117.72000122070312,117.72000122070312,0
2023-09-28,115.23999786376953,122.08999633789062,115.23999786376953,122.08999633789062,0
2023-09-29,113.55000305175781,115.23999786376953,113.55000305175781,115.23999786376953,0
2023-10-02,127.58999633789062,127.58999633789062,115.23999786376953,115.23999786376953,0
2023-10-03,141.6699981689453,141.6699981689453,127.58999633789062,127.58999633789062,0
2023-10-04,128.22999572753906,141.6699981689453,128.22999572753906,141.6699981689453,0
2023-10-05,130.17999267578125,130.17999267578125,128.22999572753906,128.22999572753906,0
2023-10-06,126.63999938964844,130.17999267578125,126.63999938964844,130.17999267578125,0
2023-10-10,136.1699981689453,136.1699981689453,126.63999938964844,126.63999938964844,0
2023-10-11,127.18000030517578,136.1699981689453,127.18000030517578,136.1699981689453,0
2023-10-12,126.37000274658203,127.18000030517578,126.37000274658203,127.18000030517578,0
2023-10-13,128.3300018310547,128.3300018310547,126.37000274658203,126.37000274658203,0
2023-10-16,130.16000366210938,130.16000366210938,126.37000274658203,126.37000274658203,0
2023-10-17,130.1699981689453,130.1699981689453,130.16000366210938,130.16000366210938,0
2023-10-18,129.1699981689453,130.1699981689453,129.1699981689453,130.1699981689453,0
2023-10-19,134.6199951171875,134.6199951171875,129.1699981689453,129.1699981689453,0
2023-10-20,135.4499969482422,135.4499969482422,134.6199951171875,134.6199951171875,0
2023-10-23,131.8300018310547,134.6199951171875,131.8300018310547,134.6199951171875,0
2023-10-24,128.1300048828125,131.8300018310547,128.1300048828125,131.8300018310547,0
2023-10-25,131.2100067138672,131.2100067138672,128.1300048828125,128.1300048828125,0
2023-10-26,130.94000244140625,131.2100067138672,130.94000244140625,131.2100067138672,0
2023-10-27,129.16000366210938,130.94000244140625,129.16000366210938,130.94000244140625,0
2023-10-30,131.89999389648438,131.89999389648438,130.94000244140625,130.94000244140625,0
2023-10-31,126.86000061035156,131.89999389648438,126.86000061035156,131.89999389648438,0
2023-11-01,120.55000305175781,126.86000061035156,120.55000305175781,126.86000061035156,0
2023-11-02,118.63999938964844,120.55000305175781,118.63999938964844,120.55000305175781,0
2023-11-03,118.73999786376953,118.73999786376953,118.63999938964844,118.63999938964844,0
2023-11-06,121.73999786376953,121.73999786376953,118.63999938964844,118.63999938964844,0
2023-11-07,120.08999633789062,121.73999786376953,120.08999633789062,121.73999786376953,0
2023-11-08,117.0999984741211,120.08999633789062,117.0999984741211,120.08999633789062,0
2023-11-09,117.05000305175781,117.0999984741211,117.05000305175781,117.0999984741211,0
2023-11-10,116.79000091552734,117.05000305175781,116.79000091552734,117.05000305175781,0
2023-11-13,124.47000122070312,124.47000122070312,117.05000305175781,117.05000305175781,0
2023-11-14,124.11000061035156,124.47000122070312,124.11000061035156,124.47000122070312,0
2023-11-15,122.19000244140625,124.11000061035156,122.19000244140625,124.11000061035156,0
2023-11-16,116.08000183105469,122.19000244140625,116.08000183105469,122.19000244140625,0
2023-11-17,113.11000061035156,116.08000183105469,113.11000061035156,116.08000183105469,0
2023-11-20,115.08999633789062,116.08000183105469,115.08999633789062,116.08000183105469,0
2023-11-21,112.79000091552734,115.08999633789062,112.79000091552734,115.08999633789062,0
2023-11-22,111.56999969482422,112.79000091552734,111.56999969482422,112.79000091552734,0
2023-11-24,107.43000030517578,111.56999969482422,107.43000030517578,111.56999969482422,0
2023-11-27,109.30999755859375,111.56999969482422,109.30999755859375,111.56999969482422,0
2023-11-28,110.05999755859375,110.05999755859375,109.30999755859375,109.30999755859375,0
2023-11-29,114.58999633789062,114.58999633789062,110.05999755859375,110.05999755859375,0
2023-11-30,115.31999969482422,115.31999969482422,114.58999633789062,114.58999633789062,0
2023-12-01,111.51000213623047,115.31999969482422,111.51000213623047,115.31999969482422,0
2023-12-04,118.25,118.25,115.31999969482422,115.31999969482422,0
2023-12-05,127.19999694824219,127.19999694824219,118.25,118.25,0
2023-12-06,124.9800033569336,127.19999694824219,124.9800033569336,127.19999694824219,0
2023-12-07,129.74000549316406,129.74000549316406,124.9800033569336,124.9800033569336,0
2023-12-08,121.6500015258789,129.74000549316406,121.6500015258789,129.74000549316406,0
2023-12-11,126.66000366210938,129.74000549316406,126.66000366210938,129.74000549316406,0
2023-12-12,118.62000274658203,126.66000366210938,118.62000274658203,126.66000366210938,0
2023-12-13,113.7699966430664,118.62000274658203,113.7699966430664,118.62000274658203,0
2023-12-14,118.04000091552734,118.04000091552734,113.7699966430664,113.7699966430664,0
2023-12-15,115.75,118.04000091552734,115.75,118.04000091552734,0
2023-12-18,118.45999908447266,118.45999908447266,118.04000091552734,118.04000091552734,0
2023-12-19,115.02999877929688,118.45999908447266,115.02999877929688,118.45999908447266,0
2023-12-20,111.87000274658203,115.02999877929688,111.87000274658203,115.02999877929688,0
2023-12-21,111.93000030517578,111.93000030517578,111.87000274658203,111.87000274658203,0
2023-12-22,111.37999725341797,111.93000030517578,111.37999725341797,111.93000030517578,0
2023-12-26,116.0,116.0,111.37999725341797,111.37999725341797,0
2023-12-27,114.52999877929688,116.0,114.52999877929688,116.0,0
2023-12-28,113.77999877929688,114.52999877929688,113.77999877929688,114.52999877929688,0
2023-12-29,114.62000274658203,114.62000274658203,113.77999877929688,113.77999877929688,0
2024-01-02,127.0199966430664,127.0199966430664,114.62000274658203,114.62000274658203,0
2024-01-03,124.56999969482422,127.0199966430664,124.56999969482422,127.0199966430664,0
2024-01-04,121.12000274658203,124.56999969482422,121.12000274658203,124.56999969482422,0
2024-01-05,116.19000244140625,121.12000274658203,116.19000244140625,121.12000274658203,0
2024-01-08,117.72000122070312,121.12000274658203,117.72000122070312,121.12000274658203,0
2024-01-09,114.91999816894531,117.72000122070312,114.91999816894531,117.72000122070312,0
2024-01-10,109.62999725341797,114.91999816894531,109.62999725341797,114.91999816894531,0
2024-01-11,103.44999694824219,109.62999725341797,103.44999694824219,109.62999725341797,0
2024-01-12,106.51000213623047,106.51000213623047,103.44999694824219,103.44999694824219,0
2024-01-16,113.44000244140625,113.44000244140625,106.51000213623047,106.51000213623047,0
2024-01-17,105.86000061035156,113.44000244140625,105.86000061035156,113.44000244140625,0
2024-01-18,107.22000122070312,107.22000122070312,105.86000061035156,105.86000061035156,0
2024-01-19,104.97000122070312,107.22000122070312,104.97000122070312,107.22000122070312,0
2024-01-22,106.87000274658203,107.22000122070312,106.87000274658203,107.22000122070312,0
2024-01-23,107.69999694824219,107.69999694824219,106.87000274658203,106.87000274658203,0
2024-01-24,105.77999877929688,107.69999694824219,105.77999877929688,107.69999694824219,0
2024-01-25,105.88999938964844,105.88999938964844,105.77999877929688,105.77999877929688,0
2024-01-26,100.2300033569336,105.88999938964844,100.2300033569336,105.88999938964844,0
2024-01-29,106.33999633789062,106.33999633789062,105.88999938964844,105.88999938964844,0
2024-01-30,104.26000213623047,106.33999633789062,104.26000213623047,106.33999633789062,0
2024-01-31,107.27999877929688,107.27999877929688,104.26000213623047,104.26000213623047,0
2024-02-01,113.91999816894531,113.91999816894531,107.27999877929688,107.27999877929688,0
2024-02-02,106.72000122070312,113.91999816894531,106.72000122070312,113.91999816894531,0
2024-02-05,108.68000030517578,113.91999816894531,108.68000030517578,113.91999816894531,0
2024-02-06,110.5999984741211,110.5999984741211,108.68000030517578,108.68000030517578,0
2024-02-07,107.86000061035156,110.5999984741211,107.86000061035156,110.5999984741211,0
2024-02-08,108.5999984741211,108.5999984741211,107.86000061035156,107.86000061035156,0
2024-02-09,106.20999908447266,108.5999984741211,106.20999908447266,108.5999984741211,0
2024-02-12,109.77999877929688,109.77999877929688,108.5999984741211,108.5999984741211,0
2024-02-13,113.22000122070312,113.22000122070312,109.77999877929688,109.77999877929688,0
2024-02-14,111.97000122070312,113.22000122070312,111.97000122070312,113.22000122070312,0
2024-02-15,112.08999633789062,112.08999633789062,111.97000122070312,111.97000122070312,0
2024-02-16,109.19999694824219,112.08999633789062,109.19999694824219,112.08999633789062,0
2024-02-20,111.0199966430664,111.0199966430664,109.19999694824219,109.19999694824219,0
2024-02-21,114.2699966430664,114.2699966430664,111.0199966430664,111.0199966430664,0
2024-02-22,115.58999633789062,115.58999633789062,114.2699966430664,114.2699966430664,0
2024-02-23,108.30999755859375,115.58999633789062,108.30999755859375,115.58999633789062,0
2024-02-26,110.7699966430664,115.58999633789062,110.7699966430664,115.58999633789062,0
2024-02-27,110.80000305175781,110.80000305175781,110.7699966430664,110.7699966430664,0
2024-02-28,108.70999908447266,110.80000305175781,108.70999908447266,110.80000305175781,0
2024-02-29,109.0999984741211,109.0999984741211,108.70999908447266,108.70999908447266,0
2024-03-01,106.4800033569336,109.0999984741211,106.4800033569336,109.0999984741211,0
2024-03-04,109.56999969482422,109.56999969482422,109.0999984741211,109.0999984741211,0
2024-03-05,110.33000183105469,110.33000183105469,109.56999969482422,109.56999969482422,0
2024-03-06,105.33000183105469,110.33000183105469,105.33000183105469,110.33000183105469,0
2024-03-07,105.44999694824219,105.44999694824219,105.33000183105469,105.33000183105469,0
2024-03-08,100.87999725341797,105.44999694824219,100.87999725341797,105.44999694824219,0
2024-03-11,106.62999725341797,106.62999725341797,105.44999694824219,105.44999694824219,0
2024-03-12,101.36000061035156,106.62999725341797,101.36000061035156,106.62999725341797,0
2024-03-13,97.02999877929688,101.36000061035156,97.02999877929688,101.36000061035156,0
2024-03-14,98.66999816894531,98.66999816894531,97.02999877929688,97.02999877929688,0
2024-03-15,97.81999969482422,98.66999816894531,97.81999969482422,98.66999816894531,0
2024-03-18,102.87000274658203,102.87000274658203,97.81999969482422,97.81999969482422,0
2024-03-19,99.98999786376953,102.87000274658203,99.98999786376953,102.87000274658203,0
2024-03-20,92.72000122070312,99.98999786376953,92.72000122070312,99.98999786376953,0
2024-03-21,90.81999969482422,92.72000122070312,90.81999969482422,92.72000122070312,0
2024-03-22,91.04000091552734,91.04000091552734,90.81999969482422,90.81999969482422,0
2024-03-25,92.23999786376953,92.23999786376953,90.81999969482422,90.81999969482422,0
2024-03-26,90.62999725341797,92.23999786376953,90.62999725341797,92.23999786376953,0
2024-03-27,86.27999877929688,90.62999725341797,86.27999877929688,90.62999725341797,0
2024-03-28,86.37999725341797,86.37999725341797,86.27999877929688,86.27999877929688,0
2024-04-01,94.19999694824219,94.19999694824219,86.37999725341797,86.37999725341797,0
2024-04-02,96.56999969482422,96.56999969482422,94.19999694824219,94.19999694824219,0
2024-04-03,97.87999725341797,97.87999725341797,96.56999969482422,96.56999969482422,0
2024-04-04,96.12999725341797,97.87999725341797,96.12999725341797,97.87999725341797,0
2024-04-05,94.30999755859375,96.12999725341797,94.30999755859375,96.12999725341797,0
2024-04-08,99.37000274658203,99.37000274658203,96.12999725341797,96.12999725341797,0
2024-04-09,98.7300033569336,99.37000274658203,98.7300033569336,99.37000274658203,0
2024-04-10,109.58999633789062,109.58999633789062,98.7300033569336,98.7300033569336,0
2024-04-11,108.86000061035156,109.58999633789062,108.86000061035156,109.58999633789062,0
2024-04-12,112.81999969482422,112.81999969482422,108.86000061035156,108.86000061035156,0
2024-04-15,121.1500015258789,121.1500015258789,112.81999969482422,112.81999969482422,0
2024-04-16,119.58999633789062,121.1500015258789,119.58999633789062,121.1500015258789,0
2024-04-17,113.29000091552734,119.58999633789062,113.29000091552734,119.58999633789062,0
2024-04-18,108.66000366210938,113.29000091552734,108.66000366210938,113.29000091552734,0
2024-04-19,111.26000213623047,111.26000213623047,108.66000366210938,108.66000366210938,0
2024-04-22,108.55999755859375,111.26000213623047,108.55999755859375,111.26000213623047,0
2024-04-23,106.8499984741211,108.55999755859375,106.8499984741211,108.55999755859375,0
2024-04-24,110.20999908447266,110.20999908447266,106.8499984741211,106.8499984741211,0
2024-04-25,108.55000305175781,110.20999908447266,108.55000305175781,110.20999908447266,0
2024-04-26,104.4000015258789,108.55000305175781,104.4000015258789,108.55000305175781,0
2024-04-29,105.41999816894531,105.41999816894531,104.4000015258789,104.4000015258789,0
2024-04-30,107.45999908447266,107.45999908447266,105.41999816894531,105.41999816894531,0
2024-05-01,100.63999938964844,107.45999908447266,100.63999938964844,107.45999908447266,0
2024-05-02,100.69999694824219,100.69999694824219,100.63999938964844,100.63999938964844,0
2024-05-03,95.95999908447266,100.69999694824219,95.95999908447266,100.69999694824219,0
2024-05-06,94.5,95.95999908447266,94.5,95.95999908447266,0
2024-05-07,98.04000091552734,98.04000091552734,94.5,94.5,0
2024-05-08,95.58000183105469,98.04000091552734,95.58000183105469,98.04000091552734,0
2024-05-09,93.8499984741211,95.58000183105469,93.8499984741211,95.58000183105469,0
2024-05-10,94.2300033569336,94.2300033569336,93.8499984741211,93.8499984741211,0
2024-05-13,105.3499984741211,105.3499984741211,94.2300033569336,94.2300033569336,0
2024-05-14,106.55000305175781,106.55000305175781,105.3499984741211,105.3499984741211,0
2024-05-15,93.77999877929688,106.55000305175781,93.77999877929688,106.55000305175781,0
2024-05-16,91.83000183105469,93.77999877929688,91.83000183105469,93.77999877929688,0
2024-05-17,89.3499984741211,91.83000183105469,89.3499984741211,91.83000183105469,0
2024-05-20,88.12999725341797,89.3499984741211,88.12999725341797,89.3499984741211,0
2024-05-21,85.33999633789062,88.12999725341797,85.33999633789062,88.12999725341797,0
2024-05-22,82.48999786376953,85.33999633789062,82.48999786376953,85.33999633789062,0
2024-05-23,86.1500015258789,86.1500015258789,82.48999786376953,82.48999786376953,0
2024-05-24,83.56999969482422,86.1500015258789,83.56999969482422,86.1500015258789,0
2024-05-28,89.66999816894531,89.66999816894531,83.56999969482422,83.56999969482422,0
2024-05-29,93.44999694824219,93.44999694824219,89.66999816894531,89.66999816894531,0
2024-05-30,91.08999633789062,93.44999694824219,91.08999633789062,93.44999694824219,0
2024-05-31,91.13999938964844,91.13999938964844,91.08999633789062,91.08999633789062,0
2024-06-03,93.91999816894531,93.91999816894531,91.13999938964844,91.13999938964844,0
2024-06-04,100.11000061035156,100.11000061035156,93.91999816894531,93.91999816894531,0
2024-06-05,102.43000030517578,102.43000030517578,100.11000061035156,100.11000061035156,0
2024-06-06,100.98999786376953,102.43000030517578,100.98999786376953,102.43000030517578,0
2024-06-07,91.81999969482422,100.98999786376953,91.81999969482422,100.98999786376953,0
2024-06-10,94.16000366210938,94.16000366210938,91.81999969482422,91.81999969482422,0
2024-06-11,97.2699966430664,97.2699966430664,94.16000366210938,94.16000366210938,0
2024-06-12,91.7300033569336,97.2699966430664,91.7300033569336,97.2699966430664,0
2024-06-13,91.93000030517578,91.93000030517578,91.7300033569336,91.7300033569336,0
2024-06-14,100.16000366210938,100.16000366210938,91.93000030517578,91.93000030517578,0
2024-06-17,99.06999969482422,100.16000366210938,99.06999969482422,100.16000366210938,0
2024-06-18,97.98999786376953,99.06999969482422,97.98999786376953,99.06999969482422,0
2024-06-20,94.13999938964844,97.98999786376953,94.13999938964844,97.98999786376953,0
2024-06-21,94.08999633789062,94.13999938964844,94.08999633789062,94.13999938964844,0
2024-06-24,95.19999694824219,95.19999694824219,94.08999633789062,94.08999633789062,0
2024-06-25,96.97000122070312,96.97000122070312,95.19999694824219,95.19999694824219,0
2024-06-26,97.91000366210938,97.91000366210938,96.97000122070312,96.97000122070312,0
2024-06-27,95.69000244140625,97.91000366210938,95.69000244140625,97.91000366210938,0
2024-06-28,98.58999633789062,98.58999633789062,95.69000244140625,95.69000244140625,0
2024-07-01,106.2300033569336,106.2300033569336,98.58999633789062,98.58999633789062,0
2024-07-02,107.51000213623047,107.51000213623047,106.2300033569336,106.2300033569336,0
2024-07-03,102.83000183105469,107.51000213623047,102.83000183105469,107.51000213623047,0
2024-07-05,98.77999877929688,102.83000183105469,98.77999877929688,102.83000183105469,0
2024-07-08,97.95999908447266,98.77999877929688,97.95999908447266,98.77999877929688,0
2024-07-09,95.62000274658203,97.95999908447266,95.62000274658203,97.95999908447266,0
2024-07-10,92.97000122070312,95.62000274658203,92.97000122070312,95.62000274658203,0
2024-07-11,89.66999816894531,92.97000122070312,89.66999816894531,92.97000122070312,0
2024-07-12,86.79000091552734,89.66999816894531,86.79000091552734,89.66999816894531,0
2024-07-15,94.5,94.5,86.79000091552734,86.79000091552734,0
2024-07-16,93.87000274658203,94.5,93.87000274658203,94.5,0
2024-07-17,91.0,93.87000274658203,91.0,93.87000274658203,0
2024-07-18,91.97000122070312,91.97000122070312,91.0,91.0,0
2024-07-19,94.29000091552734,94.29000091552734,91.97000122070312,91.97000122070312,0
2024-07-22,94.44999694824219,94.44999694824219,94.29000091552734,94.29000091552734,0
2024-07-23,95.04000091552734,95.04000091552734,94.44999694824219,94.44999694824219,0
2024-07-24,94.80999755859375,95.04000091552734,94.80999755859375,95.04000091552734,0
2024-07-25,99.08000183105469,99.08000183105469,94.80999755859375,94.80999755859375,0
2024-07-26,97.76000213623047,99.08000183105469,97.76000213623047,99.08000183105469,0
2024-07-29,98.6500015258789,98.6500015258789,97.76000213623047,97.76000213623047,0
2024-07-30,100.41999816894531,100.41999816894531,98.6500015258789,98.6500015258789,0
2024-07-31,99.41000366210938,100.41999816894531,99.41000366210938,100.41999816894531,0
2024-08-01,101.81999969482422,101.81999969482422,99.41000366210938,99.41000366210938,0
2024-08-02,112.26000213623047,112.26000213623047,101.81999969482422,101.81999969482422,0
2024-08-05,121.22000122070312,121.22000122070312,112.26000213623047,112.26000213623047,0
2024-08-06,119.23999786376953,121.22000122070312,119.23999786376953,121.22000122070312,0
2024-08-07,112.69000244140625,119.23999786376953,112.69000244140625,119.23999786376953,0
2024-08-08,110.41999816894531,112.69000244140625,110.41999816894531,112.69000244140625,0
2024-08-09,108.26000213623047,110.41999816894531,108.26000213623047,110.41999816894531,0
2024-08-12,118.26000213623047,118.26000213623047,108.26000213623047,108.26000213623047,0
2024-08-13,118.44000244140625,118.44000244140625,118.26000213623047,118.26000213623047,0
2024-08-14,106.33999633789062,118.44000244140625,106.33999633789062,118.44000244140625,0
2024-08-15,103.73999786376953,106.33999633789062,103.73999786376953,106.33999633789062,0
2024-08-16,102.80999755859375,103.73999786376953,102.80999755859375,103.73999786376953,0
2024-08-19,110.12999725341797,110.12999725341797,102.80999755859375,102.80999755859375,0
2024-08-20,111.56999969482422,111.56999969482422,110.12999725341797,110.12999725341797,0
2024-08-21,111.37999725341797,111.56999969482422,111.37999725341797,111.56999969482422,0
2024-08-22,108.5,111.37999725341797,108.5,111.37999725341797,0
2024-08-23,105.62999725341797,108.5,105.62999725341797,108.5,0
2024-08-26,106.66000366210938,106.66000366210938,105.62999725341797,105.62999725341797,0
2024-08-27,109.22000122070312,109.22000122070312,106.66000366210938,106.66000366210938,0
2024-08-28,108.76000213623047,109.22000122070312,108.76000213623047,109.22000122070312,0
2024-08-29,106.69999694824219,108.76000213623047,106.69999694824219,108.76000213623047,0
2024-08-30,107.7699966430664,107.7699966430664,106.69999694824219,106.69999694824219,0
2024-09-03,114.19999694824219,114.19999694824219,107.7699966430664,107.7699966430664,0
2024-09-04,119.1500015258789,119.1500015258789,114.19999694824219,114.19999694824219,0
2024-09-05,114.80999755859375,119.1500015258789,114.80999755859375,119.1500015258789,0
2024-09-06,107.23999786376953,114.80999755859375,107.23999786376953,114.80999755859375,0
2024-09-09,104.61000061035156,107.23999786376953,104.61000061035156,107.23999786376953,0
2024-09-10,108.36000061035156,108.36000061035156,104.61000061035156,104.61000061035156,0
2024-09-11,103.79000091552734,108.36000061035156,103.79000091552734,108.36000061035156,0
2024-09-12,98.02999877929688,103.79000091552734,98.02999877929688,103.79000091552734,0
2024-09-13,100.5999984741211,100.5999984741211,98.02999877929688,98.02999877929688,0
2024-09-16,101.22000122070312,101.22000122070312,100.5999984741211,100.5999984741211,0
2024-09-17,101.58000183105469,101.58000183105469,101.22000122070312,101.22000122070312,0
2024-09-18,98.61000061035156,101.58000183105469,98.61000061035156,101.58000183105469,0
2024-09-19,92.63999938964844,98.61000061035156,92.63999938964844,98.61000061035156,0
2024-09-20,91.0,92.63999938964844,91.0,92.63999938964844,0
2024-09-23,93.87000274658203,93.87000274658203,91.0,91.0,0
2024-09-24,93.30000305175781,93.87000274658203,93.30000305175781,93.87000274658203,0
2024-09-25,91.63999938964844,93.30000305175781,91.63999938964844,93.30000305175781,0
2024-09-26,90.13999938964844,91.63999938964844,90.13999938964844,91.63999938964844,0
2024-09-27,92.52999877929688,92.52999877929688,90.13999938964844,90.13999938964844,0
2024-09-30,94.61000061035156,94.61000061035156,92.52999877929688,92.52999877929688,0
2024-10-01,104.13999938964844,104.13999938964844,94.61000061035156,94.61000061035156,0
2024-10-02,102.16999816894531,104.13999938964844,102.16999816894531,104.13999938964844,0
2024-10-03,101.16000366210938,102.16999816894531,101.16000366210938,102.16999816894531,0
2024-10-04,100.1500015258789,101.16000366210938,100.1500015258789,101.16000366210938,0
2024-10-07,124.2300033569336,124.2300033569336,100.1500015258789,100.1500015258789,0
2024-10-08,123.7699966430664,124.2300033569336,123.7699966430664,124.2300033569336,0
2024-10-09,122.38999938964844,123.7699966430664,122.38999938964844,123.7699966430664,0
2024-10-10,116.55999755859375,122.38999938964844,116.55999755859375,122.38999938964844,0
2024-10-11,118.47000122070312,118.47000122070312,116.55999755859375,116.55999755859375,0
2024-10-15,127.2300033569336,127.2300033569336,118.47000122070312,118.47000122070312,0
2024-10-16,121.86000061035156,127.2300033569336,121.86000061035156,127.2300033569336,0
2024-10-17,122.13999938964844,122.13999938964844,121.86000061035156,121.86000061035156,0
2024-10-18,123.12999725341797,123.12999725341797,122.13999938964844,122.13999938964844,0
2024-10-21,128.9499969482422,128.9499969482422,123.12999725341797,123.12999725341797,0
2024-10-22,129.25999450683594,129.25999450683594,128.9499969482422,128.9499969482422,0
2024-10-23,129.0500030517578,129.25999450683594,129.0500030517578,129.25999450683594,0
2024-10-24,127.4800033569336,129.0500030517578,127.4800033569336,129.0500030517578,0
2024-10-25,128.39999389648438,128.39999389648438,127.4800033569336,127.4800033569336,0
2024-10-28,130.9199981689453,130.9199981689453,128.39999389648438,128.39999389648438,0
2024-10-29,131.8699951171875,131.8699951171875,130.9199981689453,130.9199981689453,0
2024-10-30,130.8000030517578,131.8699951171875,130.8000030517578,131.8699951171875,0
2024-10-31,135.17999267578125,135.17999267578125,130.8000030517578,130.8000030517578,0
2024-11-01,132.5800018310547,135.17999267578125,132.5800018310547,135.17999267578125,0
2024-11-04,136.25,136.25,132.5800018310547,132.5800018310547,0
2024-11-05,130.42999267578125,136.25,130.42999267578125,136.25,0
2024-11-06,117.63999938964844,130.42999267578125,117.63999938964844,130.42999267578125,0
2024-11-07,104.08000183105469,117.63999938964844,104.08000183105469,117.63999938964844,0
2024-11-08,99.8499984741211,104.08000183105469,99.8499984741211,104.08000183105469,0
2024-11-12,108.55000305175781,108.55000305175781,99.8499984741211,99.8499984741211,0
2024-11-13,102.08000183105469,108.55000305175781,102.08000183105469,108.55000305175781,0
2024-11-14,99.43000030517578,102.08000183105469,99.43000030517578,102.08000183105469,0
2024-11-15,102.47000122070312,102.47000122070312,99.43000030517578,99.43000030517578,0
2024-11-18,102.01000213623047,102.47000122070312,102.01000213623047,102.47000122070312,0
2024-11-19,105.12000274658203,105.12000274658203,102.01000213623047,102.01000213623047,0
2024-11-20,106.69000244140625,106.69000244140625,105.12000274658203,105.12000274658203,0
2024-11-21,101.9000015258789,106.69000244140625,101.9000015258789,106.69000244140625,0
2024-11-22,99.13999938964844,101.9000015258789,99.13999938964844,101.9000015258789,0
2024-11-25,99.95999908447266,99.95999908447266,99.13999938964844,99.13999938964844,0
2024-11-26,99.18000030517578,99.95999908447266,99.18000030517578,99.95999908447266,0
2024-11-27,97.73999786376953,99.18000030517578,97.73999786376953,99.18000030517578,0
2024-11-29,95.22000122070312,97.73999786376953,95.22000122070312,97.73999786376953,0
2024-12-02,97.80999755859375,97.80999755859375,95.22000122070312,95.22000122070312,0
2024-12-03,95.5999984741211,97.80999755859375,95.5999984741211,97.80999755859375,0
2024-12-04,92.25,95.5999984741211,92.25,95.5999984741211,0
2024-12-05,91.4800033569336,92.25,91.4800033569336,92.25,0
2024-12-06,83.19999694824219,91.4800033569336,83.19999694824219,91.4800033569336,0
2024-12-09,85.62999725341797,85.62999725341797,83.19999694824219,83.19999694824219,0
2024-12-10,90.0999984741211,90.0999984741211,85.62999725341797,85.62999725341797,0
2024-12-11,82.4000015258789,90.0999984741211,82.4000015258789,90.0999984741211,0
2024-12-12,82.66000366210938,82.66000366210938,82.4000015258789,82.4000015258789,0
2024-12-13,85.66000366210938,85.66000366210938,82.66000366210938,82.66000366210938,0
2024-12-16,90.87999725341797,90.87999725341797,85.66000366210938,85.66000366210938,0
2024-12-17,90.41999816894531,90.87999725341797,90.41999816894531,90.87999725341797,0
2024-12-18,87.20999908447266,90.41999816894531,87.20999908447266,90.41999816894531,0
2024-12-19,90.41000366210938,90.41000366210938,87.20999908447266,87.20999908447266,0
2024-12-20,91.75,91.75,90.41000366210938,90.41000366210938,0
2024-12-23,95.8499984741211,95.8499984741211,91.75,91.75,0
2024-12-24,96.94999694824219,96.94999694824219,95.8499984741211,95.8499984741211,0
2024-12-26,95.19999694824219,96.94999694824219,95.19999694824219,96.94999694824219,0
2024-12-27,94.80000305175781,95.19999694824219,94.80000305175781,95.19999694824219,0
2024-12-30,99.08000183105469,99.08000183105469,94.80000305175781,94.80000305175781,0
2024-12-31,98.80000305175781,99.08000183105469,98.80000305175781,99.08000183105469,0
2025-01-02,96.66999816894531,98.80000305175781,96.66999816894531,98.80000305175781,0
2025-01-03,93.3499984741211,96.66999816894531,93.3499984741211,96.66999816894531,0
2025-01-06,97.88999938964844,97.88999938964844,93.3499984741211,93.3499984741211,0
2025-01-07,102.77999877929688,102.77999877929688,97.88999938964844,97.88999938964844,0
2025-01-08,100.76000213623047,102.77999877929688,100.76000213623047,102.77999877929688,0
2025-01-10,96.56999969482422,99.7300033569336,96.56999969482422,99.7300033569336,0
2025-01-13,103.51000213623047,103.51000213623047,96.56999969482422,96.56999969482422,0
2025-01-14,101.98999786376953,103.51000213623047,101.98999786376953,103.51000213623047,0
2025-01-15,93.0999984741211,101.98999786376953,93.0999984741211,101.98999786376953,0
2025-01-16,92.72000122070312,93.0999984741211,92.72000122070312,93.0999984741211,0
2025-01-17,95.5999984741211,95.5999984741211,92.72000122070312,92.72000122070312,0
2025-01-21,96.77999877929688,96.77999877929688,95.5999984741211,95.5999984741211,0
2025-01-22,89.9000015258789,96.77999877929688,89.9000015258789,96.77999877929688,0
2025-01-23,88.51000213623047,89.9000015258789,88.51000213623047,89.9000015258789,0
2025-01-24,86.75,88.51000213623047,86.75,88.51000213623047,0
2025-01-27,95.05000305175781,95.05000305175781,86.75,86.75,0
2025-01-28,92.83000183105469,95.05000305175781,92.83000183105469,95.05000305175781,0
2025-01-29,90.7300033569336,92.83000183105469,90.7300033569336,92.83000183105469,0
2025-01-30,90.54000091552734,90.7300033569336,90.54000091552734,90.7300033569336,0
2025-01-31,91.76000213623047,91.76000213623047,90.54000091552734,90.54000091552734,0
2025-02-03,94.1500015258789,94.1500015258789,91.76000213623047,91.76000213623047,0
2025-02-04,90.27999877929688,94.1500015258789,90.27999877929688,94.1500015258789,0
2025-02-05,94.68000030517578,94.68000030517578,90.27999877929688,90.27999877929688,0
2025-02-06,93.9000015258789,94.68000030517578,93.9000015258789,94.68000030517578,0
2025-02-07,93.12999725341797,93.9000015258789,93.12999725341797,93.9000015258789,0
2025-02-10,87.68000030517578,93.12999725341797,87.68000030517578,93.12999725341797,0
2025-02-11,85.58000183105469,87.68000030517578,85.58000183105469,87.68000030517578,0
2025-02-12,86.58000183105469,86.58000183105469,85.58000183105469,85.58000183105469,0
2025-02-13,84.56999969482422,86.58000183105469,84.56999969482422,86.58000183105469,0
2025-02-14,84.66999816894531,84.66999816894531,84.56999969482422,84.56999969482422,0
2025-02-18,84.51000213623047,84.66999816894531,84.51000213623047,84.66999816894531,0
2025-02-19,83.86000061035156,84.51000213623047,83.86000061035156,84.51000213623047,0
2025-02-20,86.26000213623047,86.26000213623047,83.86000061035156,83.86000061035156,0
2025-02-21,91.83000183105469,91.83000183105469,86.26000213623047,86.26000213623047,0
2025-02-24,88.44000244140625,91.83000183105469,88.44000244140625,91.83000183105469,0
2025-02-25,96.61000061035156,96.61000061035156,88.44000244140625,88.44000244140625,0
2025-02-26,97.5199966430664,97.5199966430664,96.61000061035156,96.61000061035156,0
2025-02-27,96.2699966430664,97.5199966430664,96.2699966430664,97.5199966430664,0
2025-02-28,104.45999908447266,104.45999908447266,96.2699966430664,96.2699966430664,0
2025-03-03,105.6500015258789,105.6500015258789,104.45999908447266,104.45999908447266,0
2025-03-04,108.87000274658203,108.87000274658203,105.6500015258789,105.6500015258789,0
2025-03-05,104.31999969482422,108.87000274658203,104.31999969482422,108.87000274658203,0
2025-03-06,108.94999694824219,108.94999694824219,104.31999969482422,104.31999969482422,0
2025-03-07,104.41000366210938,108.94999694824219,104.41000366210938,108.94999694824219,0
2025-03-10,112.5,112.5,104.41000366210938,104.41000366210938,0
2025-03-11,114.5999984741211,114.5999984741211,112.5,112.5,0
2025-03-12,104.11000061035156,114.5999984741211,104.11000061035156,114.5999984741211,0
2025-03-13,106.19000244140625,106.19000244140625,104.11000061035156,104.11000061035156,0
2025-03-14,101.01000213623047,106.19000244140625,101.01000213623047,106.19000244140625,0
2025-03-17,99.77999877929688,101.01000213623047,99.77999877929688,101.01000213623047,0
2025-03-18,96.68000030517578,99.77999877929688,96.68000030517578,99.77999877929688,0
2025-03-19,91.4000015258789,96.68000030517578,91.4000015258789,96.68000030517578,0
2025-03-20,95.73999786376953,95.73999786376953,91.4000015258789,91.4000015258789,0
2025-03-21,94.54000091552734,95.73999786376953,94.54000091552734,95.73999786376953,0
2025-03-24,95.22000122070312,95.22000122070312,94.54000091552734,94.54000091552734,0
2025-03-25,93.56999969482422,95.22000122070312,93.56999969482422,95.22000122070312,0
2025-03-26,91.41000366210938,93.56999969482422,91.41000366210938,93.56999969482422,0
2025-03-27,91.02999877929688,91.41000366210938,91.02999877929688,91.41000366210938,0
2025-03-28,96.83000183105469,96.83000183105469,91.02999877929688,91.02999877929688,0
2025-03-31,101.3499984741211,101.3499984741211,96.83000183105469,96.83000183105469,0
2025-04-01,104.7300033569336,104.7300033569336,101.3499984741211,101.3499984741211,0
2025-04-02,106.38999938964844,106.38999938964844,104.7300033569336,104.7300033569336,0
2025-04-03,112.0,112.0,106.38999938964844,106.38999938964844,0
2025-04-04,125.70999908447266,125.70999908447266,112.0,112.0,0
2025-04-07,137.3000030517578,137.3000030517578,125.70999908447266,125.70999908447266,0
2025-04-08,139.8800048828125,139.8800048828125,137.3000030517578,137.3000030517578,0
2025-04-09,128.8300018310547,139.8800048828125,128.8300018310547,139.8800048828125,0
2025-04-10,128.35000610351562,128.8300018310547,128.35000610351562,128.8300018310547,0
2025-04-11,137.25999450683594,137.25999450683594,128.35000610351562,128.35000610351562,0
2025-04-14,132.4600067138672,137.25999450683594,132.4600067138672,137.25999450683594,0
2025-04-15,122.55999755859375,132.4600067138672,122.55999755859375,132.4600067138672,0
2025-04-16,119.4000015258789,122.55999755859375,119.4000015258789,122.55999755859375,0
2025-04-17,114.63999938964844,119.4000015258789,114.63999938964844,119.4000015258789,0
2025-04-21,128.55999755859375,128.55999755859375,114.63999938964844,114.63999938964844,0
2025-04-22,118.3499984741211,128.55999755859375,118.3499984741211,128.55999755859375,0
2025-04-23,116.5999984741211,118.3499984741211,116.5999984741211,118.3499984741211,0
2025-04-24,108.27999877929688,116.5999984741211,108.27999877929688,116.5999984741211,0
2025-04-25,105.79000091552734,108.27999877929688,105.79000091552734,108.27999877929688,0
2025-04-28,110.01000213623047,110.01000213623047,105.79000091552734,105.79000091552734,0
2025-04-29,112.2699966430664,112.2699966430664,110.01000213623047,110.01000213623047,0
2025-04-30,112.4800033569336,112.4800033569336,112.2699966430664,112.2699966430664,0
2025-05-01,107.33000183105469,112.4800033569336,107.33000183105469,112.4800033569336,0
2025-05-02,101.4000015258789,107.33000183105469,101.4000015258789,107.33000183105469,0
2025-05-05,104.44999694824219,104.44999694824219,101.4000015258789,101.4000015258789,0
2025-05-06,106.18000030517578,106.18000030517578,104.44999694824219,104.44999694824219,0
2025-05-07,99.87000274658203,106.18000030517578,99.87000274658203,106.18000030517578,0
2025-05-08,98.66000366210938,99.87000274658203,98.66000366210938,99.87000274658203,0
2025-05-09,100.4000015258789,100.4000015258789,98.66000366210938,98.66000366210938,0
2025-05-12,102.9000015258789,102.9000015258789,100.4000015258789,100.4000015258789,0
2025-05-13,100.12999725341797,102.9000015258789,100.12999725341797,102.9000015258789,0
2025-05-14,100.7300033569336,100.7300033569336,100.12999725341797,100.12999725341797,0
2025-05-15,98.6500015258789,100.7300033569336,98.6500015258789,100.7300033569336,0
2025-05-16,96.69999694824219,98.6500015258789,96.69999694824219,98.6500015258789,0
2025-05-19,103.80999755859375,103.80999755859375,96.69999694824219,96.69999694824219,0
2025-05-20,101.37000274658203,103.80999755859375,101.37000274658203,103.80999755859375,0
2025-05-21,102.0999984741211,102.0999984741211,101.37000274658203,101.37000274658203,0
2025-05-22,99.47000122070312,102.0999984741211,99.47000122070312,102.0999984741211,0
2025-05-23,100.91000366210938,100.91000366210938,99.47000122070312,99.47000122070312,0
2025-05-27,97.93000030517578,100.91000366210938,97.93000030517578,100.91000366210938,0
2025-05-28,93.19999694824219,97.93000030517578,93.19999694824219,97.93000030517578,0
2025-05-29,92.66999816894531,93.19999694824219,92.66999816894531,93.19999694824219,0
2025-05-30,92.11000061035156,92.66999816894531,92.11000061035156,92.66999816894531,0
2025-06-02,95.76000213623047,95.76000213623047,92.11000061035156,92.11000061035156,0
2025-06-03,100.0,100.0,95.76000213623047,95.76000213623047,0
2025-06-04,96.9800033569336,100.0,96.9800033569336,100.0,0
2025-06-05,94.6500015258789,96.9800033569336,94.6500015258789,96.9800033569336,0
2025-06-06,89.6500015258789,94.6500015258789,89.6500015258789,94.6500015258789,0
2025-06-09,92.62000274658203,92.62000274658203,89.6500015258789,89.6500015258789,0
2025-06-10,91.22000122070312,92.62000274658203,91.22000122070312,92.62000274658203,0
2025-06-11,89.36000061035156,91.22000122070312,89.36000061035156,91.22000122070312,0
2025-06-12,88.98999786376953,89.36000061035156,88.98999786376953,89.36000061035156,0
2025-06-13,95.30999755859375,95.30999755859375,88.98999786376953,88.98999786376953,0
2025-06-16,93.4800033569336,95.30999755859375,93.4800033569336,95.30999755859375,0
2025-06-17,97.18000030517578,97.18000030517578,93.4800033569336,93.4800033569336,0
2025-06-18,93.63999938964844,97.18000030517578,93.63999938964844,97.18000030517578,0
2025-06-20,90.0999984741211,93.63999938964844,90.0999984741211,93.63999938964844,0
2025-06-23,95.02999877929688,95.02999877929688,90.0999984741211,90.0999984741211,0
2025-06-24,92.62000274658203,95.02999877929688,92.62000274658203,95.02999877929688,0
2025-06-25,91.23999786376953,92.62000274658203,91.23999786376953,92.62000274658203,0
2025-06-26,89.47000122070312,91.23999786376953,89.47000122070312,91.23999786376953,0
2025-06-27,87.93000030517578,89.47000122070312,87.93000030517578,89.47000122070312,0
2025-06-30,90.26349639892578,90.26349639892578,87.93049621582031,87.93049621582031,0
